ETUSIVU  KYMEN SANOMATKYMEN SANOMATLAUANTAI 16,1
2,44
"2019KAIETUSIVUVALIKKOVALIKKO ETUSIVU  ETUSIVU  VALIKKOLHELL KOTIMAA TALOUS KULTTUURI VIIHDE URHEILU JUTTUVINKKI  LHELL  KOTIMAA  TALOUS  KULTTUURI VIIHDE  URHEILU  JUTTUVINKKI  TEEMAT VALIKKOKOTI JUOMA LAIVAT FINGERPORI MEIDN MENOT KAUPALLINEN YHTEISTY VERKKOKAMERAT MUISTOKIRJOITUKSET   JUOMA  LAIVAT  FINGERPORI  MEIDN MENOT  KAUPALLINEN YHTEISTY  VERKKOKAMERAT  MUISTOKIRJOITUKSET  VALIKKOPKIRJOITUKSET KOLUMNIT LUKIJALTA TEKSTARIT JT  PKIRJOITUKSET  KOLUMNIT  LUKIJALTA  TEKSTARIT  JT  TAPAHTUMAT  VAALIT  NKISLEHTI VALIKKO   ASIAKASPALVELU VALIKKOTEE TILAUS JAKELUNKESKEYTYS VAKITUINEN OSOITTEENMUUTOS TILAPINEN OSOITTEENMUUTOS JT YHTEYSTIEDOT YRITYSASIAKKAAT ANNA PALAUTETTA  TEE TILAUS  JAKELUNKESKEYTYS  VAKITUINEN OSOITTEENMUUTOS  TILAPINEN OSOITTEENMUUTOS  JT  YHTEYSTIEDOT  YRITYSASIAKKAAT  ANNA PALAUTETTA  KIRJAUDU SISN KIRJAUDU SISNOTSIKOISSAKATSO KUVAT VIDEOT KARHULAN, LYSEON HAMINAN VANHOJENTANSSEISTA PUKULOISTOSTASUOSITTELEMMEVAMMAISEN PARIN TARINA, RAKKAUTTA MERELL, KARAOKEA RUSETTILUISTELUA  TST KYMEN SANOMIEN RAKKAUSVIIKKOAIHEISET JUTUTTILAAJALLETILAAJALLELHELL1201PRISMAN KASSALLA HYMYILEV  AFGANISTANISTA KOTKAAN PERHEINEEN MUUTTANUT NABIL NIAZI IHAILEE SUOMALAISTEN REHELLISYYTT KASSALLE PUHELIMEN LOMPAKON, VIE ASIAKAS SEN INFOON 0 0 0 KOTKASSA NABIL NIAZI OPISKELLUT SUOMEN KIELEN TEHNYT TIT VOIDAKSEEN TYSKENNELL FREELANCETULKKINA SEK AUTOMARKETIN KASSALLA",1
 SADAT IHMISET OVAT KEHUNEET MIEHEN ASIAKASPALVELUTAITOJA POSITIIVISUUTTA SOSIAALISESSA MEDIASSA,1
JOHANNA VEHKALUOTOAIHEET NABIL NIAZI AVAINJUTTUKOTIMAA1400JOONATAN JSKELINEN HALUSI AMMATTILENTJKSI HAAVEESTA TULLUT TOTTA  INTENSIIVISEN KOULUTUKSEN KYNYT PERMIES AIRBUS A320LENTOKONEEN OHJAAMOON000 0 0 0  LHELL1030VENLISYHTI KAUPPAA PITKIENHIEKKOJEN VUOKRASOPIMUSTAHINTAPYYNT 799000 EUROA000 0 0 0  LHELL910KOTKAN VESILL KALAKANTOJA HALUTAAN TARVITAAN RAJOITUKSIA SEK SUOJELUA000 0 0 0  LUETUIMMAT 48H UUSIMMAT  KOMMENTOIDUT 72H1,1
 1KAKSI REKKAA SUISTUI TIELT RANTAHAASSA KESKIVIIKKONA ILLALLA MUUTAMAN MINUUTIN VLEIN 2,3
 2AVAINJUTTUPENKKARIPIV ELMSS  SATUHAHMOT MAAILMANPOLITIIKASTAKIN TUTUT HAHMOT JUHLIVAT ABIEN JOUKOSSA  GALLERIALLINEN KUVIA KOTKALAISTEN HAMINALAISTEN LUKIOLAISTEN JUHLINNASTA KOTKASSA HAMINASSA  MYS VIDEOT3,3
" 3AVAINJUTTUPIENI JNNITYS PIT VARPAILLAAN  VANHOJENPIV JUHLITTIIN LUKIOISSA GLAMOURMEININGILL  KUVAT VIDEOT KARHULAN, LYSEON HAMINAN VANHOJENTANSSEISTA PUKULOISTOSTA4",3
 4TST MUUTA KIRITTV  KOTKANHAMINAN SIJOITTUI YRITYSJOHTAJIEN KUNTARANKINGISSA LISTAN VIIMEISEKSI5,3
" 5KOTKAN PRISMAN PARKKIHALLISSA LIIKENNEKURI HLLSS  SEITSEMSTTOISTA AUTOSTA TYSI TUSINA AJOI VAUHTIAAN HILJENTMTT STOPMERKIN OHITSENYT LIS KOLUMNIT1315KOLUMNI HALUAISI JUODA KAHVIA SONNAT HOUSUSSA?000 0 0 0  KOTIMAA1200ANTEEKSI, VOINKO PST OHI? TELLUROBOTTI KYSYY, J HELSINKIVANTAALLA JUMIIN JAPANILAISTEN SEINN VLIIN  VIDEOLTA, ROBOTTI TEKEE TYT LENTOASEMALLA 000 0 0 0  AVAINJUTTULHELLKOTKASSA KAUPUNGIN HENKILST VHENEEHENKILSTJOHTAJAN MONESSA YKSIKSS TIUKKAA NYT000 0 0 0  LUKIJALTA1120LUKIJALTA KAAKON KUNTIEN LOBATTAVA YHDESS OIKEUDENMUKAISEMMAN VALTIONOSUUSJRJESTELMN PUOLESTA000 0 0 0  LHELL1100YLIPITKT REKAT EIVT TODENNKISESTI TULE KOTKASAAREN KADUILLE  KIELTOMERKKEJ LAITETAAN VASTA, ONGELMIA ILMENEE000 0 0 0  KAUPALLINEN YHTEISTY  MATCHBANKERHAJOSIKO KODINKONE TARVITSETKO VARAKASSAN MATKALLE?  NIN HAET LAINAA VERKOSTA VIISAASTI000LAINOJEN VERTAILEMINEN KANNATTAA",1
 MATCHBANKERPALVELU VERTAILEE HINTOJEN LISKSI MYS LAINAEHTOJA PALVELUTASOA,4
" 0 0 0 AVAINJUTTULHELLPENKKARIPIV ELMSS  SATUHAHMOT MAAILMANPOLITIIKASTAKIN TUTUT HAHMOT JUHLIVAT ABIEN JOUKOSSA  GALLERIALLINEN KUVIA KOTKALAISTEN HAMINALAISTEN LUKIOLAISTEN JUHLINNASTA KOTKASSA HAMINASSA  MYS VIDEOT000 0 0 0  KULTTUURI VIIHDE730KYMIJOEN LOHISOITTO LANSEERASI OHJELMANSA  KYLLHN TM OHJELMA, ETT OLISI NIN KANKEA, KRRYNPYRI HEITTISI, KEHAISI FESTIVAALITOIMIKUNNAN JYLHVUORIO000 0 0 0  AVAINJUTTULHELL600TAVOITE KOVA, SAAVUTETTAVISSA  KYMENLAAKSOA TAVOITELLAAN HIILINEUTRAALIKSI VUOTEEN 2040 MENNESS 000 0 0 0  PKIRJOITUKSET400PKIRJOITUS MERENKULUN SOPIMUSKIISTASSA OSAPUOLET OVAT KAUKANA TOISISTAAN000 0 0 0  FINGERPORI000FINGERPORI 16",1
"2019000 0 0 0  LHELLRAKKAUSVIIKKO ENSIKERTALAISIA, KONKAREITA YHDET HT  YSTVNPIVN RUSETTILUISTELU VETI KAUKALON TYDELT VKE KOTKASSA000 0 0 0  URHEILU2320KTPN DONTE THOMASIN TYRELL NELSONIN NIMET LYTYVT YLLTTEN MUNKKINIEMEN KISAPOIKIEN PELAAJALISTALTA  TSS SYY000 0 0 0  LHELL2212NOROVIRUKSEEN SAIRASTUNEILLE KARHULAN SAIRAALASSA000 0 0 0  URHEILU2130HAMINAN PARHAAN URHEILIJAN HARJOITUSMATKA ETELAFRIKKAAN KALLIIKSI  ASELAUKUN LENTOLIPUT MAKSOIVAT 1000 EUROA VARKAAT TYHJENSIVT VALMENTAJAISN PANKKITILIN000 0 0 0  LHELL2109JTEKULJETUKSISSA VIIVSTYKSI KOTKASSA  TAVOITTEENAMME MAHDOLLISIMMAN NORMAALIKSI000 0 0 0  LHELL2039ASUNTOKAUPAN NOUSUSUHDANNE TYSSSI KOTKASSA HOVINSAAREN FREGATTIHANKE J KESKENERISEKSI000 0 0 0  AVAINJUTTULHELLSUON REUNASTA LYTYI IGLU  TOIMITTAJA TESTASI VALKMUSAAN RAKENNETTUA LUMIMAJAA ETUKTEEN HIRVITTI, ETT PIENEN SISNKYNTIAUKON MATALASSA TILASSA ISKEE AHTAANPAIKANKAMMO000 0 0 0  LUKIJALTA1955LUKIJALTA MAASEUDUN VALOKUITUVERKKOON PANOSTAA000 0 0 0  LUKIJALTA1822LUKIJALTA OMAISHOITAJIEN TUKI VOITAISIIN SIIRT KELAN MAKSETTAVAKSI000 0 0 0  AVAINJUTTULHELL1700RAKKAUSVIIKKO ISN IKUINEN IKV  KOTKAAN MUUTTANUT IURII VESTERINEN AJATTELEE PIV VENJLLE JNEIT AIKUISIA LAPSIAAN MIT KAUEMPANA OLEN HEIST, SIT ENEMMN HEIT RAKASTAN",1
"000 0 0 0  AVAINJUTTULHELL1614PIENI JNNITYS PIT VARPAILLAAN  VANHOJENPIV JUHLITTIIN LUKIOISSA GLAMOURMEININGILL  KUVAT VIDEOT KARHULAN, LYSEON HAMINAN VANHOJENTANSSEISTA PUKULOISTOSTA000 0 0 0  LHELL1604HENKILAUTON TULIPALO VAARASSA SYTYTT TULEEN VIEREISEN KERROSTALON VALKAMAKADULLA KOTKASSA 000 0 0 0 LUKIJALTA15",1
2019 1505LUKIJALTA EN YMMRR VANHUSTEN LAIMINLYNTI000 0 0 0  LHELL15,1
2019 1345SOVITUT KONSERTIT EIVT VAARASSA HAMINASSA KOTKASSA TAPAHTUMAJRJESTJ KIIST KONKURSSIN000 0 0 0 LIS ARTIKKELEITA LUETUIMMAT 48H UUSIMMAT 1,1
 5KOTKAN PRISMAN PARKKIHALLISSA LIIKENNEKURI HLLSS  SEITSEMSTTOISTA AUTOSTA TYSI TUSINA AJOI VAUHTIAAN HILJENTMTT STOPMERKIN OHITSE6,2
" 6HYVNTUULENTIEN PELTIPOLIISI VIHDOIN TISS  DIGITAALINEN NOPEUSVALVONTALAITTEISTO OTETTIIN KESKIVIIKKONA KYTTN, KAAKKOISSUOMEN POLIISI7",2
 7HAMINAN PARHAAN URHEILIJAN HARJOITUSMATKA ETELAFRIKKAAN KALLIIKSI  ASELAUKUN LENTOLIPUT MAKSOIVAT 1000 EUROA VARKAAT TYHJENSIVT VALMENTAJAISN PANKKITILIN8,2
" 8AVAINJUTTUTT KELPAA  UPEA VIDEO, JOLLA KOTKAN KANSALLINEN KAUPUNKIPUISTO OSALLISTUU EUROOPAN NEUVOSTON MAISEMAKILPAILUUN9",2
 9PALONALKU PYHTLL  PIVYSTVN PALOMESTARIN ASUKKAIDEN RIPE ESTI SUUREMMAT VAHINGOT10,2
 10AVAINJUTTUNYKYISIN KYNTI SAIRAANHOITAJALLAKIN MAKSAAILMAISET HOITAJAKYNNIT OVAT HISTORIAA KAIKISSA ETELKYMENLAAKSON KUNNISSANYT KAIKKIMIELIPIDE KOLUMNIT1315KOLUMNI HALUAISI JUODA KAHVIA SONNAT HOUSUSSA?RIINA LEHTORANTA KOLUMNIT10,1
"2019 1315KOLUMNI PURKKI LAATIKOSSA, LAATIKKO KELMUSSA  KOSMETIIKAN OSTAJAN SOPII MIETTI, MIK TURHAAPIVI TAUSSILUE MIELIPITEETLUETUIMMAT1",1
" 10AVAINJUTTUNYKYISIN KYNTI SAIRAANHOITAJALLAKIN MAKSAAILMAISET HOITAJAKYNNIT OVAT HISTORIAA KAIKISSA ETELKYMENLAAKSON KUNNISSAUUSIMMAT 1400AVAINJUTTUJOONATAN JSKELINEN HALUSI AMMATTILENTJKSI HAAVEESTA TULLUT TOTTA  INTENSIIVISEN KOULUTUKSEN KYNYT PERMIES AIRBUS A320LENTOKONEEN OHJAAMOON 1315KOLUMNI HALUAISI JUODA KAHVIA SONNAT HOUSUSSA? 1201AVAINJUTTUPRISMAN KASSALLA HYMYILEV  AFGANISTANISTA KOTKAAN PERHEINEEN MUUTTANUT NABIL NIAZI IHAILEE SUOMALAISTEN REHELLISYYTT KASSALLE PUHELIMEN LOMPAKON, VIE ASIAKAS SEN INFOON 1200ANTEEKSI, VOINKO PST OHI? TELLUROBOTTI KYSYY, J HELSINKIVANTAALLA JUMIIN JAPANILAISTEN SEINN VLIIN  VIDEOLTA, ROBOTTI TEKEE TYT LENTOASEMALLA  1120LUKIJALTA KAAKON KUNTIEN LOBATTAVA YHDESS OIKEUDENMUKAISEMMAN VALTIONOSUUSJRJESTELMN 1100YLIPITKT REKAT EIVT TODENNKISESTI TULE KOTKASAAREN KADUILLE  KIELTOMERKKEJ LAITETAAN VASTA, ONGELMIA ILMENEE 1030VENLISYHTI KAUPPAA PITKIENHIEKKOJEN VUOKRASOPIMUSTAHINTAPYYNT 799000 EUROA 910KOTKAN VESILL KALAKANTOJA HALUTAAN TARVITAAN RAJOITUKSIA SEK SUOJELUA 730KYMIJOEN LOHISOITTO LANSEERASI OHJELMANSA  KYLLHN TM OHJELMA, ETT OLISI NIN KANKEA, KRRYNPYRI HEITTISI, KEHAISI FESTIVAALITOIMIKUNNAN JYLHVUORIO 600AVAINJUTTUTAVOITE KOVA, SAAVUTETTAVISSA  KYMENLAAKSOA TAVOITELLAAN HIILINEUTRAALIKSI VUOTEEN 2040 MENNESS KOMMENTOIDUT KOTKAN PRISMAN PARKKIHALLISSA LIIKENNEKURI HLLSS  SEITSEMSTTOISTA AUTOSTA TYSI TUSINA AJOI VAUHTIAAN HILJENTMTT STOPMERKIN OHITSE TST MUUTA KIRITTV  KOTKANHAMINAN SIJOITTUI YRITYSJOHTAJIEN KUNTARANKINGISSA LISTAN VIIMEISEKSI AVAINJUTTUKEILAAMINEN LOPPUA KOTKASTA  KAUPUNGIN TUEN PTTYMINEN KEILAHALLITOIMINTAA PYRITTVN KKLN AHTAALLE AVAINJUTTUNYKYISIN KYNTI SAIRAANHOITAJALLAKIN MAKSAAILMAISET HOITAJAKYNNIT OVAT HISTORIAA KAIKISSA ETELKYMENLAAKSON KUNNISSA LUKIJALTA KIKY PYSYY KEINOVALIKOIMASSA, SIPIL SAA PMINISTERIN KALOILLA KEVTT RINNASSA MARETARIUM JOUTUU AVAAMAAN OVENSA YLEISLLE ITMERIALLASTA AVAINJUTTUKOTKASSA KAUPUNGIN HENKILST VHENEEHENKILSTJOHTAJAN MONESSA YKSIKSS TIUKKAA LUKIJALTA EN YMMRR VANHUSTEN LAIMINLYNTI JTEKULJETUKSISSA VIIVSTYKSI KOTKASSA  TAVOITTEENAMME MAHDOLLISIMMAN NORMAALIKSI UUPERINRINTEET OY SAA JTT LAINALYHENNYKSEN VLIIN  INVESTOINNIT LYKKNTYNYT KAUDEN SYYNKYMEN SANOMATTEKIJNOIKEUDET  KAAKON VIESTINT OYTORNATORINTIE 3, PL 27, 48101 KOTKAPUH",1
" 05 210 015VASTAAVA PTOIMITTAJA HEIDI EKDAHLSISLTJOHTAJA, TOIMITTAJA, EIPAIKALLISET SISLLT LAKKAASIAKASPALVELU@KYMENSANOMAT",4
FI ANNA PALAUTETTA JUTTUVINKKI KYTTEHDOT TIETOSUOJALAUSEKE ASIAKASPALVELU YRITYSASIAKKAAT KAAKON VIESTINTLNSISAVO KONSERNIN MEDIAT ETELSAIMAA ITSAVO JUVAN KAAKONKULMA KANGASNIEMEN KUNNALLISLEHTI KESKILAAKSO KOUVOLAN SANOMAT KYMEN SANOMAT LUUMEN LNSISAIMAAN SANOMAT LNSISAVO PAIKALLISLEHTI JOUTSENO PITJNUUTISET PURUVESI UUTISVUOKSI ES KESKIVIIKKO KS KESKIVIIKKO LS KESKIVIIKKOVASTUULLISTA JOURNALISMIA ETUSIVU  LNSISAVOLNSISAVOLAUANTAI 16,4
"2019KAIETUSIVUVALIKKOVALIKKO ETUSIVU  ETUSIVU  VALIKKOLHELL KOTIMAA TALOUS KULTTUURI VIIHDE URHEILU JUTTUVINKKI  LHELL  KOTIMAA  TALOUS  KULTTUURI VIIHDE  URHEILU  JUTTUVINKKI  TEEMAT VALIKKOKOTI LUONTOHAVAINNOT JUOMA TORIKAMERA FINGERPORI KAUPALLINEN YHTEISTY MUISTOKIRJOITUKSET   LUONTOHAVAINNOT  JUOMA  TORIKAMERA  FINGERPORI  KAUPALLINEN YHTEISTY  MUISTOKIRJOITUKSET  VALIKKOPKIRJOITUKSET KOLUMNIT LUKIJALTA KOMMENTIT PUHEENVUOROT SANO JT  PKIRJOITUKSET  KOLUMNIT  LUKIJALTA  KOMMENTIT  PUHEENVUOROT  SANO  JT  TAPAHTUMAT  VAALIT  NKISLEHTI VALIKKO   ASIAKASPALVELU VALIKKOTEE TILAUS JAKELUNKESKEYTYS VAKITUINEN OSOITTEENMUUTOS TILAPINEN OSOITTEENMUUTOS JT YHTEYSTIEDOT YRITYSASIAKKAAT ANNA PALAUTETTA  TEE TILAUS  JAKELUNKESKEYTYS  VAKITUINEN OSOITTEENMUUTOS  TILAPINEN OSOITTEENMUUTOS  JT  YHTEYSTIEDOT  YRITYSASIAKKAAT  ANNA PALAUTETTA  KIRJAUDU SISN KIRJAUDU SISNSUOSITTELEMMELUKION VANHOJEN TANSSIEN HOHTO HIMMENE  TUNNELMAT OLIVAT IHANAT TNKIN VUONNAOTSIKOISSAJUKURIEN KAUDEN MUUTAMAA PELAAJAA VAILLE KOOSSA, NIMETTILAAJALLETILAAJALLEURHEILU1430PIEKSMEN VUODEN URHEILIJALLA ESSI HEISKASELLA OLLUT THTIN KOHDALLAAN URAN ALUSTA ALKAEN  TST PIEKSMEN HUIPPUURHEILUSYMPOUSISSA PALKITUT URHEILIJAT TAUSTAVOIMAT 0 0 0 PIEKSMEN MENESTYNEIT URHEILIJOITA MUISTETTIIN LAUANTAINA HUIPPUURHEILUSYMPOUSIN YHTEYDESS KULTTUURIKESKUS POLEENISSA",1
" ARJA REINIKAINENAIHEET VUODEN URHEILIJA PIEKSMKI AVAINJUTTULHELL1300MESTARIRAKENTAJAN TEKEMLL KATETULLA PUUVENEELL SOUDETAAN KESLL KPENHAMINASTA HELSINKIIN  TM FLYYGELI, KEHUU VENEEN TILANNUT JARI SAARIO000 0 0 0  URHEILU1219KOVIA KOKENEET KOHTAAVAT KALEVANKANKAALLA  JUKUREILLA SPORTILLA NYTN MURSKAJAISTEN JLKEEN000 0 0 0  KOLUMNIT900MIKKELIN MYHENTJ NIN MIKAELISTA VIIMEISEN PLLE SINISEN UNEN  SAIN MAHTUMAAN KAIKEN MAHDOLLISEN KAUPUNGINVALTUUTETUISTA PUUKIULUIHIN 000 0 0 0  LUETUIMMAT 48H UUSIMMAT  KOMMENTOIDUT 72H1",1
" 1POLIISI NAPPASI NELJ HUUMAUSAINEIDEN VLITTJ MIKKELIST  TAKAVARIKKOON SAATIIN AMFETAMIINIA, EKSTAASITABLETTEJA KOKAIINIA2",3
" 2FORTNITE, JUKURIEN TYHJENNYSMYYNTI, MIELENSPAHOITTAJA",3
,14
 MIK MIKKELIN SEUDUN ABILAKANOISTA NAURATTAA ENITEN? NEST SUOSIKKIASI3,3
 325METRINEN TERSALUS VAJOSI OSIN UPOKSIIN PUUMALAN SATAMASSA4,3
" 4MIKKELILINEN HENRI HEIKKINEN EHTI VIST RISTIINASSA OHITUSKAISTALLA TULLUTTA PAKETTIAUTOA, OSUI AUTOON JOTA OHITTAMASSA  KAIPAA TIETOJA SINISEST PAKETTIAUTOSTA5",3
" 5SADAT IHMISET SEURASIVAT VANHOJEN TANSSEJA MIKKELISS KAUPPAKESKUS STELLASSA  KUVATNYT LIS URHEILU1506SAVONIAN NHTIIN LOPPUSUORALLA  WALTTERI VINKANHARJU LI 1,2 SEKUNNILLA MATIAS HEINOSEN000 0 0 0  LHELL1259MNTYHARJULLA JI LHES KOLMEN PROMILLEN RATTIJUOPPO, VIRTASALMELLA LOPETETTIIN AUTOKOLARIIN JOUTUNUT HIRVI000 0 0 0 AVAINJUTTULHELLTUOREET ENNAKKOLUVUT MAALAAVAT ITSUOMEEN VIELKIN SYNKEMPI VESTLUKUJA TULEVAISUUDESSA  SAVON RADAN NOPEUTTAMINEN PUOLELLA TUNNILLA AVAINTEKIJ MUUTTOVIRTOJEN LISMISEEN ETELSAVOSSA, ARVIOI ALUETUTKIJA TIMO ARO000 0 0 0  KOTIMAA1200ANTEEKSI, VOINKO PST OHI? TELLUROBOTTI KYSYY, J HELSINKIVANTAALLA JUMIIN JAPANILAISTEN SEINN VLIIN  VIDEOLTA, ROBOTTI TEKEE TYT LENTOASEMALLA 000 0 0 0  AVAINJUTTULHELL1200UUTISEN TAKAA MIKKELI PERNTYY VUOKRATONTTIEN KAUPPAKIISTASSA000 0 0 0  KAUPALLINEN YHTEISTY  UPM YHTEISMETSYHTEISMETSN KOVINTA ETUA METSNOMISTAJILLE000UPM YHTEISMETS HELPOINTA MAHDOLLISTA METSSIJOITTAMISTA",1
" SIJOITUSTUOTTO OLLUT KESKIMRIN 45 PROSENTTIA AMMATTILAISET HUOLEHTIVAT, ETT METS PARHAALLA MAHDOLLISELLA TAVALLA",2
 OSAKKAIDEN TARVITSE TEHD MITN,2
 0 0 0 AVAINJUTTULHELLLUKIJA KYSYY MIKSEI HAUTAUSMAAN VLIPOLKUJA AURATA?  MIKKELIN PITJNKIRKON VIEREISELL HAUTAUSMAALLA HIRVITTVT MYS PUISTA PUDONNEET ISOT OKSAT000 0 0 0  LHELL1100TOMPAN RATSAILLA KYNYT VUOSIKYMMENTEN AIKANA TUHANSIA MIKKELILISI  SUNNUNTAINA JUHLITAAN RELANDERIN PONITALLIN KONKAREITA000 0 0 0  LHELL1044HENKILAUTO PENKKAAN VIHANTASALMENTIELL MANTYHARJUSSA000 0 0 0 KAUPALLINEN YHTEISTY  MATCHBANKERHAJOSIKO KODINKONE TARVITSETKO VARAKASSAN MATKALLE?  NIN HAET LAINAA VERKOSTA VIISAASTI000LAINOJEN VERTAILEMINEN KANNATTAA,1
" 0 0 0 AVAINJUTTUTALOUS630MIKKELILISEN PAJUSEN TILAN ISNT TANELI AIKOO KEST KAMPITUKSET, VALION JOHDON HN VAIHTAISI  ITSUOMESSA MAATALOUSTUOTANTO VHENTYNYT MUUTA MAATA VOIMAKKAAMMIN000 0 0 0  AVAINJUTTULHELLJESTAS SENTN, PALJAAT RINNAT TOPLESSTARJOILIJAT HKELLYTTIVT MIKKELILISI RAVINTOLA KIVIJALASSA LAMAVUONNA 1992  LAUANTAINA TUODAAN VANHAT MUISTOT NYKYAIKAAN BURLESKIN KEINOIN000 0 0 0  PKIRJOITUKSET400PKIRJOITUS MERENKULUN SOPIMUSKIISTASSA OSAPUOLET OVAT KAUKANA TOISISTAAN000 0 0 0  URHEILU034JANNE TAVI LOPPUKAUDEKSI HPKHON  KALPAPELI JI MIEHEN VIIMEISEKSI JUKURIPAIDASSA 000 0 0 0  FINGERPORI000FINGERPORI 16",1
"2019000 0 0 0  KAUPALLINEN YHTEISTY  LNSISAVOANSSI MEHTL HITTO, TSS TARINA KERROTTAVAKSI000VANHAA MIKKELI, ENTISTEN NUORTEN JUTTUJA, SUKUPOLVIEN YHTEISI KOKEMUKSIA",1
 NIIT KSITTELEVT JUTUT KIINNOSTAVAT LUKIJOITA PALJON,1
" 0 0 0 URHEILU2236JARI KETOMAA KOUVOLAN RALLIN AVAUSILTANA000 0 0 0  AVAINJUTTULHELLUUTISEN TAKAA ESSOTEN PITISI YH SST VANHUSPALVELUISTA, JRJEST LAADUKASTA HOIVAA  NHTY, ETT HOIVAYHTIIDEN SANAHELINIHIN, LUPAUKSIIN OMAVALVONTAAN TYSIN LUOTTAA000 0 0 0  URHEILU2218KAMPPARIEN RYSTRETKI PTTYI ONNISTUNEESTI  JNNITTV TRILLERI HELSINGISS RATKESI JARI PUROVIRRAN OSUMAAN JATKOAJALLA000 0 0 0  URHEILU2154JUKURIT ANTOI SAVON HERRUUDEN KUOPIOON  KALPA NOUSI 72MURSKAVOITOLLA TAISTELUUN PUDOTUSPELIPAIKASTA000 0 0 0  LHELL1900ITSUOMEN HOVIOIKEUS TUOMITSI MIEST PERTUNMAALLA TAPAHTUNEISTA KIRJANPITORIKOKSISTA  RIKOKSET LIITTYIVT KONEIDEN HANKKIMISEEN ULKOMAILTA000 0 0 0 AVAINJUTTULHELL1800EHDOKASHAASTATTELU AILA ASIKAINEN HALUAA SITOVAN HOITAJAMITOITUKSEN  MYS YKSILLL VASTUUNSA KULUTTAJANA000 0 0 0  LHELL1702JOS MAISTU",1
"  RISTIINAN LUKIO VEI KIRKKAASTI VOITON PARHAAN ABILAKANAN NESTYKSESS000 0 0 0  AVAINJUTTUKOTI1600PUUSAUNAN PSTT LMMITTVT ILMAKEH SHKKIUAS KODIN KULUTTAVIA SHKLAITTEITA  ONKO MEILL EN VARAA SAUNOAKAAN?000 0 0 0  LHELL1547POLIISI NAPPASI NELJ HUUMAUSAINEIDEN VLITTJ MIKKELIST  TAKAVARIKKOON SAATIIN AMFETAMIINIA, EKSTAASITABLETTEJA KOKAIINIA000 0 0 0NYT LIS ARTIKKELEITA LUETUIMMAT 48H UUSIMMAT 1",1
 5SADAT IHMISET SEURASIVAT VANHOJEN TANSSEJA MIKKELISS KAUPPAKESKUS STELLASSA  KUVAT6,2
 6TORSTAINA KARKIT LENTELEVT PERJANTAINA TANSSITAAN  TST PENKKARIEN VANHOJEN TANSSIEN AIKATAULUT MIKKELIN SEUDULLA7,2
" 7PIEKSMELL TANSSITTIIN PERINTEINEN POLONEESI, MNTYHARJUSSA JUVALLA HULLUTELTIIN ABISHOWSSA  KUVAT PENKKAREISTA8",2
" 8AVAINJUTTUNIT HARJOITELTU PITKN, ETT MENI, KERTOO KATRIINA HURRI KUUKAUSIEN TYN JLKEEN  KATSO, VANHOJEN TANSSIT VALLOITTIVAT MIKKELIN JHALLIN9",2
 9JOS MAISTU,2
  RISTIINAN LUKIO VEI KIRKKAASTI VOITON PARHAAN ABILAKANAN NESTYKSESS10,2
 10AVAINJUTTUSAVON TALOHOITO MYYTY  MIKKELILISYHTIST TULEE KIINTEISTHOITOALAN ISON KONSERNIN TYTRYHTINYT KAIKKIMIELIPIDE KOLUMNIT900MIKKELIN MYHENTJ NIN MIKAELISTA VIIMEISEN PLLE SINISEN UNEN  SAIN MAHTUMAAN KAIKEN MAHDOLLISEN KAUPUNGINVALTUUTETUISTA PUUKIULUIHIN ANSSI MEHTL KOLUMNIT14,1
2019 1800KOHTI EDUSKUNTAVAALEJA EHDOKKAISSA PUOLUEISSA EROJATIMO LAITAKARILUE MIELIPITEETLUETUIMMAT1,1
" 10AVAINJUTTUSAVON TALOHOITO MYYTY  MIKKELILISYHTIST TULEE KIINTEISTHOITOALAN ISON KONSERNIN TYTRYHTIUUSIMMAT 1506SAVONIAN NHTIIN LOPPUSUORALLA  WALTTERI VINKANHARJU LI 1,2 SEKUNNILLA MATIAS HEINOSEN 1430AVAINJUTTUPIEKSMEN VUODEN URHEILIJALLA ESSI HEISKASELLA OLLUT THTIN KOHDALLAAN URAN ALUSTA ALKAEN  TST PIEKSMEN HUIPPUURHEILUSYMPOUSISSA PALKITUT URHEILIJAT TAUSTAVOIMAT 1300AVAINJUTTUMESTARIRAKENTAJAN TEKEMLL KATETULLA PUUVENEELL SOUDETAAN KESLL KPENHAMINASTA HELSINKIIN  TM FLYYGELI, KEHUU VENEEN TILANNUT JARI SAARIO 1259MNTYHARJULLA JI LHES KOLMEN PROMILLEN RATTIJUOPPO, VIRTASALMELLA LOPETETTIIN AUTOKOLARIIN JOUTUNUT HIRVI 1219KOVIA KOKENEET KOHTAAVAT KALEVANKANKAALLA  JUKUREILLA SPORTILLA NYTN MURSKAJAISTEN JLKEEN 1200ANTEEKSI, VOINKO PST OHI? TELLUROBOTTI KYSYY, J HELSINKIVANTAALLA JUMIIN JAPANILAISTEN SEINN VLIIN  VIDEOLTA, ROBOTTI TEKEE TYT LENTOASEMALLA  1200AVAINJUTTUUUTISEN TAKAA MIKKELI PERNTYY VUOKRATONTTIEN KAUPPAKIISTASSA 1100TOMPAN RATSAILLA KYNYT VUOSIKYMMENTEN AIKANA TUHANSIA MIKKELILISI  SUNNUNTAINA JUHLITAAN RELANDERIN PONITALLIN KONKAREITA 1044HENKILAUTO PENKKAAN VIHANTASALMENTIELL MANTYHARJUSSA 900MIKKELIN MYHENTJ NIN MIKAELISTA VIIMEISEN PLLE SINISEN UNEN  SAIN MAHTUMAAN KAIKEN MAHDOLLISEN KAUPUNGINVALTUUTETUISTA PUUKIULUIHIN KOMMENTOIDUT LUKIJALTA SUOMESSA TRMVT TOISISTAAN POIKKEAVAT MAAILMANKATSOMUKSET PKIRJOITUS MIST HOITAJAT, MIST RAHAT? AVAINJUTTUTUOREET ENNAKKOLUVUT MAALAAVAT ITSUOMEEN VIELKIN SYNKEMPI VESTLUKUJA TULEVAISUUDESSA  SAVON RADAN NOPEUTTAMINEN PUOLELLA TUNNILLA AVAINTEKIJ MUUTTOVIRTOJEN LISMISEEN ETELSAVOSSA, ARVIOI ALUETUTKIJA TIMO ARO AVAINJUTTUMIKKELI EN PUOLLA UUSIA POLTTOTURVELUPIAYMPRISTNSUOJELU ENERGIANTUOTANTO OVAT VASTAKKAIN, PTTJT POHTIVAT TURPEENPOLTOSTA LUOPUMISTA LUKIJALTA KENELLE MYYMME IKIHMISEMME MILL HINNALLA? AVAINJUTTUSENTTERI PUOLUSTAJA LISTAN KRJESS  JUKUREILLA LEVEYTT, KRKI KAIPAA TERVYYTT JUKURIT ANTOI SAVON HERRUUDEN KUOPIOON  KALPA NOUSI 72MURSKAVOITOLLA TAISTELUUN PUDOTUSPELIPAIKASTA ESEDU KYTTN SOVELTUVUUSKOKEET SOTEALALLA  VOIDAAN TULEVAISUUDESSA JTT VALITSEMATTA KOULUUN, HN SELKESTI SOVELTUMATON ALALLE LUKIJALTA KANSALAISTEN ARJEN TURVAAJA OSUUSKAUPPA SUURSAVO LUNASTAMAAN ESSOTELTA ETELSAVON TYTERVEYDEN OSAKKEET, HEIKKI HMLINEN KOMMENTOI ESSOTE OLLUT MEILLE HYV KUMPPANI  HARMI, ETT TSTKIN KEKSITTIIN VALITTAALNSISAVOTEKIJNOIKEUDET  KAAKON VIESTINT OYTEOLLISUUSKATU 26, PL 6 MIKKELI, 50101 MIKKELIPUH",1
"2019KAIETUSIVUVALIKKOVALIKKO ETUSIVU  ETUSIVU  VALIKKOLHELL KOTIMAA TALOUS KULTTUURI VIIHDE URHEILU JUTTUVINKKI  LHELL  KOTIMAA  TALOUS  KULTTUURI VIIHDE  URHEILU  JUTTUVINKKI  TEEMAT VALIKKOKOTI LUONTOHAVAINNOT JUOMA VERKKOKAMERAT FINGERPORI KAUPALLINEN YHTEISTY MUISTOKIRJOITUKSET   LUONTOHAVAINNOT  JUOMA  VERKKOKAMERAT  FINGERPORI  KAUPALLINEN YHTEISTY   MUISTOKIRJOITUKSET  VALIKKOPKIRJOITUKSET KOLUMNIT LUKIJALTA KOMMENTIT PUHEENVUOROT LUKIJAN LYHYET JT  PKIRJOITUKSET  KOLUMNIT  LUKIJALTA  KOMMENTIT  PUHEENVUOROT  LUKIJAN LYHYET  JT  TAPAHTUMAT  VAALIT  NKISLEHTI VALIKKO   ASIAKASPALVELU VALIKKOTEE TILAUS JAKELUNKESKEYTYS VAKITUINEN OSOITTEENMUUTOS TILAPINEN OSOITTEENMUUTOS JT YHTEYSTIEDOT YRITYSASIAKKAAT ANNA PALAUTETTA  TEE TILAUS  JAKELUNKESKEYTYS  VAKITUINEN OSOITTEENMUUTOS  TILAPINEN OSOITTEENMUUTOS  JT  YHTEYSTIEDOT  YRITYSASIAKKAAT  ANNA PALAUTETTA  KIRJAUDU SISN KIRJAUDU SISNPUHEENAIHESAVONLINNALAINEN ESKO KUUTTI SAI SUURIJRVEST HIRMUHAUENOTSIKOISSAKATSO KUVAT SEUDUN LUKIOISSA TANSSITTIIN PERJANTAINA VANHOJEN TANSSEJATILAAJALLETILAAJALLELHELL1200RAVINTOLA MAJAKKA PALVELLUT MONIA SUKUPOLVIA SAVONLINNAN MATKUSTAJASATAMASSA  RUOKALISTALLA 1960LUVULLA MUNAKKAITA LIHALIENTKIN, RAVINTOLAN KAHDESTA RUOKAANNOKSESTA VUOSIKYMMENTEN AJAKSI HITTEJ 0 0 0 MAJAKKA ALKANUT KERT YHTEN JUHLAVUOTENSA OHJELMANUMERONA ASIAKASMUISTOJA",1
 HELMIKUUSSA 1969 AVATTU MAJAKKA TEKI VUONNA 2018 MYYNNISSN HISTORIANSA PARHAIMMAN TULOKSEN,1
"RISTO LEPPNENAIHEET RAVINTOLA MAJAKKA MAJAKKA 50 VUOTTA RUOKARAVINTOLA RAVINTOLAELM JUHLAVUOSI KULTTUURI VIIHDE1000VANHUSNYTELMST TULIKIN TOTTA, IKV KYLL SAVONLINNAN TEATTERI PTTI ESITT NYTELMN HOITOKOTIHELVETIST  LIIANKIN AJANKOHTAINEN000 0 0 0  AVAINJUTTULHELL800ELINLKRIPULA HELPOTTUU SAVONLINNASSA, SULJETUN KLINIKAN TYNTEKIJT PERUSTAVAT TILALLE UUDEN  ASIAKKAILTA SAADUN PALAUTTEEN PERUSTEELLA PAKOTTAVA TUNNE, ETT IHMISI HT KRSIMSS",1
" KYSELIVT MINNE PIN MENNN, TLL KETN000 0 0 0  AVAINJUTTULHELL630JOONATAN JSKELINEN HALUSI AMMATTILENTJKSI HAAVEESTA TULLUT TOTTA  INTENSIIVISEN KOULUTUKSEN KYNYT PERMIES AIRBUS A320LENTOKONEEN OHJAAMOON000 0 0 0  LUETUIMMAT 48H UUSIMMAT  KOMMENTOIDUT 72H1",1
 1FINGERPORI 15,8
20192,8
 2MIES YRITTI RYST KAUPAN KASSAN SAVONLINNASSA  MYYJ EHTI HLYTT APUA JI YRITYKSEKSI3,3
" 4YTNEUVOTTELUT SAVONLINNAN ARVIOI LOMAUTTAVANSA HENKILSTNS KOLMEKSI VIIKOKSI VUOSITTAIN SANOVANSA IRTI ENINTN 40 IHMIST, VAPAAEHTOISET SSTT EIVT TUOTA TULOSTA5",3
" 5AVAINJUTTUPLUOTTAMUSMIES SAVONLINNAN KAUPUNGIN YTESITYKSEST OLIHAN TM KIITOSNYT LIS URHEILU1449NYT TAPAHTUU SAPKOKASVATTI TONI HENTTONEN DEBYTOI ILVESPAIDASSA  HAKAMETSSS NHDN TNN KENTLL PSSIPAIDASSA MESTISMESTARUUTTA JUHLINUTTA PELAAJAA000 0 0 0  KOTIMAA1400ANTEEKSI, VOINKO PST OHI? TELLUROBOTTI KYSYY, J HELSINKIVANTAALLA JUMIIN JAPANILAISTEN SEINN VLIIN  VIDEOLTA, ROBOTTI TEKEE TYT LENTOASEMALLA 000 0 0 0  AVAINJUTTULHELLRESURSSIPULA AHTAALLE MYS JULKISEN TERVEYDENHUOLLON HOITAJIA  SAVONLINNALAINEN AILI PULKKINEN JRKYTTYI SOSTERIN KUNTOUTUSOSASTOLLA NKEMSTN KOHTELUSTA000 0 0 0  LHELL1304NAINEN PUHALSI NOLLAN KRHTI HUUMEISTA NTKILL000 0 0 0 KULTTUURI VIIHDE1300NAAMIAISASU PLLE SUNNUNTAINA PERINTEISI LASTEN TALVIKARNEVAALEJA000 0 0 0  KAUPALLINEN YHTEISTY  BLCBLCN VALOKUITUYHTEYS PITKIKINEN SIJOITUS, KIINTEISTSI ARVOA  UUTTA VERKKOA RAKENNETAAN KYSYNNN MUKAAN000SHK, VESI, VIEMRI VALOKUITU  KODIN PERUSINFRAN NELJ TUKIPYLVST",1
" KIINTEISTN HOUKUTTELEVUUS ASUNTOMARKKINOILLA LISNTYY ROIMASTI, SIIT LYTYY VALOKUITUYHTEYS",1
" 0 0 0 AVAINJUTTULHELLDAAMIEN PUKULOISTOA VANHOJEN TANSSEISSA SAVONLINNASALISSA, HERRAT PSIVT HELPOMMALLA  PUVUN VET PLLE, SIIN000 0 0 0  URHEILU1246UUSI PELI,  KAHDESTA PELIITATTAPPIOSTA HUOLIMATTA SAPKOSSA PAINETTU PANIIKKINAPPULAA PITISI?000 0 0 0  LUKIJALTA1210LUKIJALTA HOITAJAN TYN PIT VIED SEN AJAN MINK VIE000 0 0 0  KAUPALLINEN YHTEISTY  UPM YHTEISMETSYHTEISMETSN KOVINTA ETUA METSNOMISTAJILLE000UPM YHTEISMETS HELPOINTA MAHDOLLISTA METSSIJOITTAMISTA",1
 0 0 0 LUKIJAN LYHYET715LUKIJAN LYHYET YSTVNPIV TYPAJA TELAKKA,2
 LOISTAVA TANSSIRYHM HUIPPU BNDI,2
 ONNEA MENESTYST JATKOSSAKIN,2
"  VAARI000 0 0 0  AVAINJUTTUURHEILUVIEL LASSE PESONEN VUODEPOTILAS AIVOINFARKTIN JLKEEN  POSITIIVINEN ASENNE SISU OVAT NOSTANEET SAVONLINNALAISEN ELMNS KUNTOON KOHTAUS OLISI VOINUT TAPPAA JTT PYRTUOLIIN, IKIN OLLUT AJATUSTA, ETT MINULLE KVISI NIIN000 0 0 0  PKIRJOITUKSET400PKIRJOITUS MERENKULUN SOPIMUSKIISTASSA OSAPUOLET OVAT KAUKANA TOISISTAAN000 0 0 0  FINGERPORI000FINGERPORI 16",1
2019000 0 0 0  URHEILU2108HALUTTOMASTA PSSILAUMASTA OLLUT HAASTAMAAN PELIITTOJA  TOISESSA ERSS LAMAUTTI SAPKON000 0 0 0  KAUPALLINEN YHTEISTY  MATCHBANKERHAJOSIKO KODINKONE TARVITSETKO VARAKASSAN MATKALLE?  NIN HAET LAINAA VERKOSTA VIISAASTI000LAINOJEN VERTAILEMINEN KANNATTAA,1
" 0 0 0 LHELL2049OMAKOTITALO TUHOUTUI TULIPALOSSA SULKAVALLA  SYTTYMISSYYST VIEL TIETOA000 0 0 0 AVAINJUTTUKULTTUURI VIIHDESEITSEMN TONNIN SSTN SAVONLINNAN ORKESTERIN VEITSENTERLL SST KAUPUNGILLE, MENETYS KAUPUNGIN KULTTUURIELMLLE000 0 0 0  LUKIJALTA1945LUKIJALTA ONKO SAVONLINNAN TALOUS ITSEST KIINNI?000 0 0 0  AVAINJUTTUURHEILU1938PARIKKALALAISLHTINEN KILPAKVELIJ TIIA KUIKKA LMPENE KISAMATKOJEN LYHENTMISELLE  YMMRRN SEN, ETT LAJEJA PIT UUDISTAA, LUULISI TAKAAAJOKILPAILUN OLEVAN KATSOJILLE KIINNOSTAVA000 0 0 0  PUHEENVUOROT1800PUHEENVUORO SSTK SAVONLINNA KULTTUURINSA HENGILT?000 0 0 0  LUKIJALTA1610LUKIJALTA HYKKYSK PUOLUSTUS000 0 0 0  AVAINJUTTULHELL1600TSS SAVONLINNAN SEUDUN SUURIN VONKALE TN TALVENA SAVONLINNALAINEN ESKO KUUTTI SAI SUURIJRVEST 13 860 GRAMMAA PAINAVAN HAUEN000 0 0 0  AVAINJUTTUKOTIMAA1600APULAISPROFESSORI DAVID BOWIE JOUTUNUT NIMENS KIUSATUKSI SAANUT FANIPOSTIA  HN KERTOO, MILLAISTA KUULUISAN IHMISEN KAIMA YH KY NIIN, ETT IHMISET EIVT NIMENI000 0 0 0  KULTTUURI VIIHDE1532LAUANTAIILLAN HUUMAA KULTTUURIKELLARISSA ISKELM RAUTALANKAA JAZZMAUSTEILLA UPEA GOURMET000 0 0 0 LIS ARTIKKELEITA LUETUIMMAT 48H UUSIMMAT 1",1
 5AVAINJUTTUPLUOTTAMUSMIES SAVONLINNAN KAUPUNGIN YTESITYKSEST OLIHAN TM KIITOS6,2
" 6AVAINJUTTUSEITSEMN KUORMAAUTOLLISTA ABEJA, KILOKAUPALLA KARKKIA KADUNVIERET TYNN YLEIS  KUVAT VIDEOT SAVONLINNAN PENKKARIAJELUSTA7",2
 8POLIISI ETSII KADONNUTTA MIEST  EDELLISEN MIKI HUIKKO NHTY PARIKKALASSA 1,2
 HELMIKUUTA9,11
 9OMAKOTITALO TUHOUTUI TULIPALOSSA SULKAVALLA  SYTTYMISSYYST VIEL TIETOA10,2
 10AVAINJUTTUTSS SAVONLINNAN SEUDUN SUURIN VONKALE TN TALVENA SAVONLINNALAINEN ESKO KUUTTI SAI SUURIJRVEST 13 860 GRAMMAA PAINAVAN HAUENNYT KAIKKIMIELIPIDE KOLUMNIT9,1
2019 900LAUNO PIVTIE KOLUMNISSAAN JOHTAMISKULTTUURISSA KAIKUJA POHJOISKOREASTALAUNO PIVTIE KOLUMNIT3,1
"2019 930LUONTOKOLUMNI LINTUJEN TALVIRUOKINNAN USKOISI OLEVAN RAKETTITIEDETT, KYLLP OSIN OLEVANPEKKA MKINENLUE MIELIPITEETLUETUIMMAT1",1
" 10AVAINJUTTUTSS SAVONLINNAN SEUDUN SUURIN VONKALE TN TALVENA SAVONLINNALAINEN ESKO KUUTTI SAI SUURIJRVEST 13 860 GRAMMAA PAINAVAN HAUENUUSIMMAT 1449NYT TAPAHTUU SAPKOKASVATTI TONI HENTTONEN DEBYTOI ILVESPAIDASSA  HAKAMETSSS NHDN TNN KENTLL PSSIPAIDASSA MESTISMESTARUUTTA JUHLINUTTA PELAAJAA 1400ANTEEKSI, VOINKO PST OHI? TELLUROBOTTI KYSYY, J HELSINKIVANTAALLA JUMIIN JAPANILAISTEN SEINN VLIIN  VIDEOLTA, ROBOTTI TEKEE TYT LENTOASEMALLA  1304NAINEN PUHALSI NOLLAN KRHTI HUUMEISTA NTKILL 1300NAAMIAISASU PLLE SUNNUNTAINA PERINTEISI LASTEN TALVIKARNEVAALEJA 1246UUSI PELI,  KAHDESTA PELIITATTAPPIOSTA HUOLIMATTA SAPKOSSA PAINETTU PANIIKKINAPPULAA PITISI? 1210LUKIJALTA HOITAJAN TYN PIT VIED SEN AJAN MINK VIE 1200AVAINJUTTURAVINTOLA MAJAKKA PALVELLUT MONIA SUKUPOLVIA SAVONLINNAN MATKUSTAJASATAMASSA  RUOKALISTALLA 1960LUVULLA MUNAKKAITA LIHALIENTKIN, RAVINTOLAN KAHDESTA RUOKAANNOKSESTA VUOSIKYMMENTEN AJAKSI HITTEJ 1000VANHUSNYTELMST TULIKIN TOTTA, IKV KYLL SAVONLINNAN TEATTERI PTTI ESITT NYTELMN HOITOKOTIHELVETIST  LIIANKIN AJANKOHTAINEN 800AVAINJUTTUELINLKRIPULA HELPOTTUU SAVONLINNASSA, SULJETUN KLINIKAN TYNTEKIJT PERUSTAVAT TILALLE UUDEN  ASIAKKAILTA SAADUN PALAUTTEEN PERUSTEELLA PAKOTTAVA TUNNE, ETT IHMISI HT KRSIMSS",1
"  VAARIKOMMENTOIDUT AVAINJUTTUSIVISTYSVIRASTON VIRKAMIEHET TEKIVT TYSUOJELUILMOITUKSEN SIVISTYSLAUTAKUNNAN PUHEENJOHTAJASTA JONNE TYNKKYSEST  TYNKKYSEN MIELEST KAUPUNGINJOHTAJA JANNE LAINE JVI KSITTELEMN ASIAA PUHEENVUORO SAVONLINNA KELPAA MUILLE ESIMERKIKSI YTNEUVOTTELUT SAVONLINNAN ARVIOI LOMAUTTAVANSA HENKILSTNS KOLMEKSI VIIKOKSI VUOSITTAIN SANOVANSA IRTI ENINTN 40 IHMIST, VAPAAEHTOISET SSTT EIVT TUOTA TULOSTA ASKON MYYML SAVONLINNASSA SIVISTYSTOIMEN TYSUOJELUASIA SELVITETN TYRYHMSS SAVONLINNAN KAUPUNGINHALLITUS OTTANUT TYSUOJELUASIAAN SINNS, HALUAA ASIAN SISISESTI SELVITETTVKSI TULEVALLE TOIMINNALLE PELISNNT LUKIJALTA HYKKYSK PUOLUSTUS AVAINJUTTUPLUOTTAMUSMIES SAVONLINNAN KAUPUNGIN YTESITYKSEST OLIHAN TM VOIMANOSTOA HARRASTAVA ELINKAUTISVANKI LAURI LATE JOHANSSON KILPAILI LAUANTAINA SAVONLINNASSA  TAVOITTEENA SMMITALI AVAINJUTTUSEITSEMN TONNIN SSTN SAVONLINNAN ORKESTERIN VEITSENTERLL SST KAUPUNGILLE, MENETYS KAUPUNGIN KULTTUURIELMLLE NTKILLE MIETITN 1",1
5,1
" LUOKKIEN KOULUA 25 VUODEN SOPIMUKSELLA  VAATISI VIEL VALTUUSTON PTKSENITSAVOTEKIJNOIKEUDET  KAAKON VIESTINT OYOLAVINKATU 60, PL 101 SAVONLINNA, 57101 SAVONLINNAPUH",1
" HALUAISITKO SIIRTY TWITTERIN VANHALLE ALUSTALLE? KYLL    SIIRRY SISLTN       ETUSIVU ETUSIVU ETUSIVU, SIVU",1
  TIETOJA     HAKULAUSEKE    ETSI TWITTERIST          TALLENNETUT HAUT  POISTA      TSS KESKUSTELUSSA VARMENNETTU TILISUOJATUT TWIITIT@       EHDOTETUT KYTTJT   VARMENNETTU TILISUOJATUT TWIITIT@    VARMENNETTU TILISUOJATUT TWIITIT@             BAHASA INDONESIA BAHASA MELAYU CATAL ETINA DANSK DEUTSCH ENGLISH ENGLISH UK ESPAOL FILIPINO FRANAIS HRVATSKI ITALIANO MAGYAR NEDERLANDS NORSK POLSKI PORTUGUS ROMN SLOVENINA SVENSKA TING VIT TRKE                       BAHASA INDONESIA BAHASA MELAYU CATAL ETINA DANSK DEUTSCH ENGLISH ENGLISH UK ESPAOL FILIPINO FRANAIS HRVATSKI ITALIANO MAGYAR NEDERLANDS NORSK POLSKI PORTUGUS ROMN SLOVENINA SVENSKA TING VIT TRKE                       ONKO SINULLA TILI? KIRJAUDU SISN ONKO SINULLA TILI? MUISTA MINUT  UNOHDITKO SALASANASI? TWITTERISS? REKISTERIDY             KYTTMLL TWITTERIN PALVELUITA HYVKSYT EVSTEIDEN KYTN,1
" TOIMIMME YHTEISTYKUMPPANEIDEMME KANSAINVLISESTI KYTMME EVSTEIT MUUN TILASTOIHIN, MUKAUTTAMISEEN MAINOKSIIN",1
 SULJE         #KOTKA       SUOSITUT  VIIMEISIMMT  HENKILT  KUVAT  VIDEOT   LHETYKSET                        HAKUSUODATTIMET        KENELT   SEURAAMASI HENKILT       MISS   LHELL SINUA       KIELET      ENGLISH   JAPANI    ARABIA    ESPANJA ESPAOL      AMHARA    ARMENIA    BENGALI    BULGARIA    BURMA    DIVEHI DIVEHI   GEORGIA    GUDARATI    HAITI HAITIAN CREOLE   HEPREA    HINDI    HOLLANTI NEDERLANDS   INDONESIA INDONESIA   ISLANTI SLENSKA   ITALIA ITALIANO   KANNADA    KHMER    KIINA    KOREA    KREIKKA    LAO    LATVIA LATVIEU   LIETTUA LIETUVI   MALAJALAM    MARATHI    NEPALI    NORJA NORSK   ORIJA    PANDABI    PATU    PERSIA    PORTUGALI PORTUGUS   PUOLA POLSKI   RANSKA FRANAIS   ROMANIA ROMN   SVENSKA   DEUTSCH   SERBIA    SINDHI    SINHALA    SLOVEENI SLOVENINA   SORANI       TAGALOG TAGALOG   TAMILI    TANSKA DANSK   TELUGU    THAI    TIIBET    TURKKI TRKE   UIGUURI    UNKARI MAGYAR   URDU    VENJ    VIETNAM TING VIT   VIRO EESTI       LAATUSUODATUS KYTSS   LAATUSUODATUS    TARKENNETTU HAKU      TWITTERISS?    REKISTERIDY SAADAKSESI OMAN MUKAUTETUN AIKAJANAN   REKISTERIDY       FALSE             2019 TWITTER TIETOJA OHJEKESKUS EHDOT YKSITYISYYSKYTNT EVSTEET MAINOSTEN TIEDOT            HAKUTULOKSET     1,1
 PYY@PEPYYLA 11,1
 LIS KOPIOI LINKKI TWIITTIIN UPOTA TWIITTI #KOTKA,8
 TIET KOTKAN KAUPPAHALLI PURETTIIN 1974 YLL,1
 TEHTIINK SALAA? OLIKO MENETYS? @KOTKANKAUPUNKI 2 VASTAUSTA 0 UUDELLEENTWIITTAUSTA 1 TYKKYS VASTAA 2 UUDELLEENTWIITTAA UUDELLEENTWIITATTU TYKK 1 TYKTTY 1 2,4
 KOPIOI LINKKI TWIITTIIN 3,20
 UPOTA TWIITTI 4,19
 TIINA MERTANEN@TMERTANEN 1,1
" LIS KOPIOI LINKKI TWIITTIIN UPOTA TWIITTI VASTAUKSENA KYTTJLLE @ANNEBERNER TARVITAAN RATA UUDELTAMAALTA KOUVOLAAN VAIKUTTAVAMPI #RANTARATA MAAN SUURIMMAN #KOTKAHAMINASATAMA LOGISTIIKKAKESKUKSEN #KOUVOLA #KOTKA VLINEN RATA? PERUSTELE, KIITOS",1
 SIRPA PAATERO@SIRPAPAATERO 23,1
 TAMMIK,10
 LIS KOPIOI LINKKI TWIITTIIN UPOTA TWIITTI KUKOURI VOITTI MOBIILIPELIALAN OSCARIN LONTOOSSA  KOTKALAISFIRMA VALITTIIN VUODEN INDIEPELINKEHITTJKSI TM MEILLE LISBUUSTIA USKOTTAVUUTTA #KOTKA UPEA HYV KIMIN PORUKKA HTTPSKYMENSANOMAT,1
FIUUTISETLAHELLA8B290355A35441EEA0E09D462CAC9047 0 VASTAUSTA 1 UUDELLEENTWIITTAUS 3 TYKKYST VASTAA UUDELLEENTWIITTAA 1 UUDELLEENTWIITATTU 1 TYKK 3 TYKTTY 3 8,5
 PYRLIITTO@PYORALIITTO 23,1
" UPEASTI TOIMIVA #PYRPAJA VAARASSA MENETT HYVN TILAN, HAKEE SSTJ LMMITYS, SHKKUSTANNUKSISSA",1
" TOIVOTTAVASTI PTTJT EIVT TOTEUTA TT, SILL PYRPAJAN LOISTAVAA @YLEKOTKAHTTPSYLE",1
FIUUTISET310608884?FBCLIDIWAR0DTS7G1XMJRQPWLEWT7ROCG03SPDHWUT1AZLW8E5AKFO6I9RUKRWE 1 3 UUDELLEENTWIITTAUSTA 16 TYKKYST VASTAA 1 UUDELLEENTWIITTAA 3 UUDELLEENTWIITATTU 3 TYKK 16 TYKTTY 16 11,1
 GEO@RUTTOKOIRA 13,1
" LIS KOPIOI LINKKI TWIITTIIN UPOTA TWIITTI HOI ETENKIN #KOTKA LHIALUEET JUONTAVATKO SUKUJUURESI SUOMENLAHDEN ULKOSAARILLE, ONKO TUTTAVAPIIRISSSI SAARELAISIA NIDEN JLKIPOLVEA? LAVANSAARISEURA KER TIETOA LAVANSAARELAISTEN EVAKKOAJAN JLKEISEST ASUTUKSESTA MYHEMP TUTKIMUSKYTT VARTEN",1
 1 2 UUDELLEENTWIITTAUSTA 0 TYKKYST VASTAA 1 UUDELLEENTWIITTAA 2 UUDELLEENTWIITATTU 2 TYKK TYKTTY TM KETJU TM KETJU 14,6
 ERNA GRONOW@ERNAGRONOW 18,1
 LIS KOPIOI LINKKI TWIITTIIN UPOTA TWIITTI VASTAUKSENA KYTTJILLE @DIDDEOB @KJUJULA KAUPUNKIKEHITYS SAAPUU SIIS PORVOOSEEN,1
 HELSINGISS VIEL KALLIIMPAA HANKALAMPAA PYSKID,1
 HELPOMPI JD OSTOKSILLE RAVINTOLAAN LOVIISAAN,1
" TULKAA ITN TNNE KOTKAAN ASIOIMAAN, TLT LYTYY PORVOOTA MAKSUTTOMIA PAIKKOJA HLSNINGAR FRN #KOTKA 0 VASTAUSTA 1 UUDELLEENTWIITTAUS 3 TYKKYST VASTAA UUDELLEENTWIITTAA 1 UUDELLEENTWIITATTU 1 TYKK 3 TYKTTY 3 17",1
 SEPPO KNUUTTILA@KNUUTTILAS 9,1
" LIS KOPIOI LINKKI TWIITTIIN UPOTA TWIITTI TNN UUTISOITU, ETT SY LIIKAA PUNAISTA #LIHAA",1
 TSS KUVASSA TNN #KOTKAN VESILT TROOLATTUA #SUOMENLAHTIN #SILAKKAA,1
 HERKKU VAILLA VERTAA SUOMALAISILLE KUITENKAAN EN MAISTU 1980LUVUN ALUSTA KULUTUS PUDONNUT 90 %,1
 @SYKEINFOPIC,1
TWITTER,2
 JARKKO SIPILA@SIPILAMTV3 18,1
" LHESTYMISKIELLOT, PIDTYKSET, VANGITSEMISET TUOMIOT EIVT TEHONNEET  #VAINOAMINEN JATKUI",1
 #KOTKA HTTPSWWW,1
MTVUUTISET,1
FIARTIKKELIVAINOOJAPIINASINAISTAPIDATYKSISTAVANGITSEMISISTAJATUOMIOISTAHUOLIMATTAJAKSATKOSATATALOPPUELAMAN7246452#GS,1
 JENNI RUOKONEN@RUOKOJENNI 28,1
" LIS KOPIOI LINKKI TWIITTIIN UPOTA TWIITTI #VAALITENTTIMME KER HIENOSTI KIINNOSTUSTA, SILL SAIMME 30",1
1,34
 PANEELIIN MYS @MIELONENJOONA #KOTKASTA,1
" TERVETULOA JOONA KUULIJAT, PISTETN VAALIKEVT KYNTIIN #VAALIT2019HTTPSEK",1
 RIITTA HYPPNEN@RIITTAHYPPANEN 5,2
 #RAKKAUSVIIKKO #TYELMTILAISUUKSILLA,1
 TSS TARJOLLA TILAISUUS,1
 #KOTKASSA @KOTKANKAUPUNKI,1
" MIT SYNTYYKN, INTOHIMOA PALOA #KASVUUN UUDISTUMISEEN? SIIT PUHUMME",1
HTTPSKYMENLAAKSONYT,1
 ALKO OY@ALKOOY 18,1
 LIS KOPIOI LINKKI TWIITTIIN UPOTA TWIITTI KOTKAN SUTELAN PRISMAN ALKON REMONTTI AVAUTUU TNN UUDISTETTUNA ERIKOISMYYMLN,1
 VALIKOIMASSA 2000 ERILAISTA TUOTETTA MYYML TOIMII MYS #ALKOFIVERKKOKAUPAN NOUTOPISTEEN,1
 TERVETULOA,1
 #KOTKA #ALKOPALVELEE HTTPSWWW,1
ALKO,1
FIALKOOYUUTISHUONEAJANKOHTAISTAKOTKANSUTELANPRISMANALKOUUDISTUUERIKOISMYYMALAKS 0 VASTAUSTA 0 UUDELLEENTWIITTAUSTA 4 TYKKYST VASTAA UUDELLEENTWIITTAA UUDELLEENTWIITATTU TYKK 4 TYKTTY 4 32,2
 HANNAKAISA LHDE@HANNAKAISALAHDE 11,1
" LIS KOPIOI LINKKI TWIITTIIN UPOTA TWIITTI VALTUUSTOSSA KUULTUA VIHREITTEN KAUPUNGINHALLITUKSEN JSEN, KEKKOSEN VAIMO",1
 SAMI TIKKANEN@SAMITIKKANEN 19,1
 LIS KOPIOI LINKKI TWIITTIIN UPOTA TWIITTI VASTAUKSENA KYTTJLLE @EKAMIFI MIT PARHAIMMAT ONNITTELUT @OMNIASOMEN @EKAMIFIN KOKKIKILTOJEN OPETTAJILLE OLETTE TEHNEET MAHTAVAA TYT,1
 #UUSIAMIS #KOKKIKILTA #YHTEISTY #AMMATILLINENKOULUTUS #TYELMYHTEISTY #ESPOO #KOTKA #HAMINA 1 4 UUDELLEENTWIITTAUSTA 12 TYKKYST VASTAA 1 UUDELLEENTWIITTAA 4 UUDELLEENTWIITATTU 4 TYKK 12 TYKTTY 12 38,1
 #KOTKA  #HAMINA SEUDUN KOULUTUSYHTYM @EKAMIFILLE TOIMINNASTAAN #LAATUSERTIFIKAATTI,1
" VAATII MRTIETOISTA JOHTAMISTA, SYSTEMAATTISTA KEHITTMIST HENKILSTN SITOUTUMISTA",1
 ONNITTELUT @SAMITIKKANEN & CO,1
HTTPSWWW,1
EKAMI,1
 VILLE MIETTINEN@FOOTIEMADVILLE 5,1
 LIS KOPIOI LINKKI TWIITTIIN UPOTA TWIITTI ARTO TOLSA AREENAN TEKONURMEN LMMITYKSEN VALAISTUKSEN LOPETTAMINEN TALVIKAUDELLA ETENI KOTKAN KAUPUNGINHALLITUKSESSA VALTUUSTON PTETTVKSI NIN 76 HUOLIMATTA ALUEEN SEUROJEN VETOOMUKSESTA,1
 #JALKAPALLO #OLOSUHTEET #KOTKA #LIIKUNTA #JUNNUFUTISPIC,1
 ARI VIRTANEN@ARIVIRTANENHKI 5,1
" LIS KOPIOI LINKKI TWIITTIIN UPOTA TWIITTI INVESTOIDAAN OLOSUHTEISIIN, NIIT KYTET",1
" JALKAPALLOKAUPUNKI KOTKAN KAUPUNGINHALLITUS PTTI SST ARTO TOLSA AREENAN TALVIKUNNOSSAPIDOSTA  SSTPTKSEST KRSIVT LAPSET, NUORET JUNIORIPELAAJAT HTTPSWWW",1
HS,1
FIURHEILUART2000005990799,1
 DAVID LINDSTRM@DJLINDSTROM 14,1
 JOULUK,1
 2018 LIS KOPIOI LINKKI TWIITTIIN UPOTA TWIITTI YHTEISTYN TRKEYDEST @CURSOROY #KYMENLAAKSO #KOTKA #KOUVOLAHTTPSKYMENSANOMAT,1
 MIIA KOSONEN@MIIAKOSONEN 14,1
" HELMIKUUTA PIDMME KOULUTUKSEN SIELT HAUSKIMMASTA PST, SISLTEN TWITTERIN KYTN AKTIVOINTIA HYDYLLISI NIKSEJ",1
 LIIKENNETILANNE@LIIKENNETILANNE 13,2
 LIIKENNETIEDOTE ONNETTOMUUDESTA,2
 OHI,1
 YLNUMMI,1
 13,2
02,3
 KLO 2257  14,1
2019 KLO 0106,1
 #TRAFFICFINLAND HTTPLIIKENNETILANNE,2
TMFG,2
 RANTAHAKA,1
2019 KLO 1943 ALKAEN TOISTAISEKSI,1
 UPOTA TWIITTI        TULOKSIA,1
  YLS              LATAAMINEN NYTT KESTVN HETKEN,1
  TWITTER RUUHKAUTUNUT HETKELLINEN,1
 YRIT KY TWITTERIN TILASIVULLA SAADAKSESI LISTIETOJA,1
"                     SULJE     VALITSE SUOSITTUJEN PUHEENAIHEIDEN SIJAINTI                        HYLK            SULJE                              SULJE    SIIRRY HENKILN PROFIILIIN             TALLENNETUT HAUT  POISTA      TSS KESKUSTELUSSA VARMENNETTU TILISUOJATUT TWIITIT@       EHDOTETUT KYTTJT   VARMENNETTU TILISUOJATUT TWIITIT@    VARMENNETTU TILISUOJATUT TWIITIT@                     SULJE    MAINOSTA TT TWIITTI                  SULJE    EST       PERUUTA EST            TWIITTAA SIJAINTI ILMOITTAEN VOIT LIST TWIITTEIHISI SIJAINNIN, ESIMERKIKSI KAUPUNGIN TARKEMMAN PAIKAN, VERKOSTA KOLMANNEN OSAPUOLEN SOVELLUSTEN KAUTTA",1
 HALUTESSASI VOIT TWIITTISI SIJAINTIHISTORIAN MYHEMMIN,1
" LIS OTA KYTTN                         SULJE    LISTASI              SULJE    LUO LISTA     LISTAN     KUVAUS  100 MERKKI, VALINNAINEN    YKSITYISYYS     TT LISTAA     SINULLA PSY THN LISTAAN      TALLENNA LISTA            SULJE                         SULJE    KOPIOI LINKKI TWIITTIIN     TSS TMN TWIITIN URLOSOITE",1
 KOPIOI JAETTAVAKSI HELPOSTI YSTVILLESI,1
             SULJE    UPOTA TM TWIITTI EMBED THIS VIDEO    LIS TM TWIITTI VERKKOSIVUSTOLLESI KOPIOIMALLA OLEVA KOODI,1
 LIS LIS TM VIDEO VERKKOSIVUSTOLLESI KOPIOIMALLA OLEVA KOODI,1
" LIS     HMM, PALVELINYHTEYDESS ONGELMIA",1
 YRIT UUDELLEEN?       SISLLYT ALKUPERINEN TWIITTI      SISLLYT MEDIASISLT      UPOTTAMALLA TWITTERSISLT SIVUSTOLLESI SOVELLUKSEESI HYVKSYT TWITTERIN KEHITTJSOPIMUKSEN KEHITTJKYTNNN,1
" ESIKATSELU             SULJE    NET TMN MAINOKSEN                 SULJE    KIRJAUDU SISN TWITTERIIN                 MUISTA MINUT   UNOHDITKO SALASANASI?            EIK SINULLA TILI? REKISTERIDY           SULJE    REKISTERIDY TWITTERIIN      ETK TWITTERISS? REKISTERITY, VIRITTYDY SEURAAMAAN ASIOITA, JOISTA VLITT VASTAANOTA PIVITYKSI TAPAHTUMISTA",1
"   REKISTERIDY     ONKO SINULLA TILI? KIRJAUDU SISN           SULJE    KAKSISUUNTAISET LHETYS VASTAANOTTO LYHYTNUMEROT      KOODI ASIAKKAILLE YRITYKSESS     40404 MIK   KANADA 21212 MIK   YHDISTYNYT KUNINGASKUNTA 86444 VODAFONE, ORANGE, 3, O2   BRASILIA 40404 NEXTEL, TIM   HAITI 40404 DIGICEL, VOILA   IRLANTI 51210 VODAFONE, O2   INTIA 53000 BHARTI AIRTEL, VIDEOCON, RELIANCE   INDONESIA 89887 AXIS, 3, TELKOMSEL, INDOSAT, XL AXIATA   ITALIA 4880804 WIND   3424486444 VODAFONE       MUIDEN MAIDEN LYHYTNUMEROT TEKSTIVIESTEILLE              SULJE    VAHVISTUS                    SULJE                     SULJE               OHITA      TERVETULOA KOTIIN  TLL AIKAJANALLA VIETT SUURIMMAN OSAN AJASTASI SAAT VLITTMI PIVITYKSI SINULLE TRKEIST ASIOISTA",1
     EIVTK TWIITIT MIELEESI?   SIIRR OSOITIN PROFIILIKUVAN PLLE NAPSAUTA SEURATAANPAINIKETTA LOPETTAAKSESI TILIEN SEURAAMISEN,1
"      SANO PIENELL TEOLLA   NET TWIITIN, JOTA RAKASTAT, NAPAUTA SYDNT  VOIT TWIITIN KIRJOITTANEELLE HENKILLLE JAKAVASI RAKKAUTTA",1
      JAA SANOMAA   NOPEIN JONKUN MUUN TWIITTI SEURAAJILLESI UUDELLEENTWIITTAUS,1
 NAPAUTA KUVAKETTA LHETTKSESI SEN HETI,1
      LIITY KESKUSTELUUN   LIS AJATUKSESI TWIITTIIN VASTAAMALLA,1
 ETSI SINUA KIINNOSTAVA HYPP KESKUSTELUUN,1
"      PYSY AJAN TASALLA   VLITTMT PIVITYKSET SIIT, MIST IHMISET PUHUVAT NYT",1
"      ENEMMN SIT, MIT RAKASTAT   SEURAA LIS TILEJ NHDKSESI VLITTMT PIVITYKSET SINUA KIINNOSTAVISTA AIHEISTA",1
"      SELVIT, MIT TAPAHTUU   AIHEESEEN LIITTYVT VIIMEISIMMT KESKUSTELUT VLITTMSTI",1
      L J HETKESTKN   PYSY AJAN TASALLA PARHAISTA TARINOISTA NIIDEN TAPAHTUESSA,1
                   TWIITTI KYTTJLT PIVIT SELAIMESI  FACEBOOK      PIVIT SELAIMESIFACEBOOK TUE KYTTMSI SELAINTA,1
"JOS HALUAT PAREMMAN KYTTKOKEMUKSEN, SIIRRY JOHONKIN SEURAAVISTA SIVUSTOISTA HAE HALUAMASI SELAIMEN UUSIN VERSIOGOOGLE CHROMESSAMOZILLA FIREFOXHAE FACEBOOK PUHELIMEESIPYSY YHTEYKSISS TAHANSA",1
 KYMENLAAKSO  YLE  YLE,1
FI                                     HYPP SISLTN       YLE,1
FI   AREENA URHEILU    VALIKKO    AREENA  URHEILU  S  TEKSTITV  ELV ARKISTO  LAPSET   RADIOOPAS  TVOPAS  KATSELE TVT  OPPIMINEN  KULTTUURI   TIEDE  SVENSKA  NEWS  NOVOSTI  SPMI          HAE     KIRJAUDU   YLETUNNUS    OMAT TIEDOT  KIRJAUDU          TUOREIMMAT URHEILU S KOTIMAA ULKOMAAT TALOUS POLITIIKKA KULTTUURI KOLUMNIT TIEDE TERVEYS VIIHDE BLOGIT LISETUSIVUTUOREIMMATURHEILUSKOTIMAAULKOMAATTALOUSPOLITIIKKAKULTTUURIKOLUMNITLUONTOTIEDETERVEYSVIIHDELIIKENNEBLOGITUUTISET VIITTOMAKIELELLUUTISET SELKOSUOMEKSINEWS IN ENGLISHNOVOSTI YLESVENSKA YLEYLE SPMIYLE UUDIZET KARJALAKSEYLE UUTISLUOKKAATEEMAAAMUTVASTUDIOPERJANTAIPUOLI SEITSEMNTEKSTITVRSSSYTTEETYHTEYSTIEDOT ETUSIVU TUOREIMMAT URHEILU S KOTIMAA ULKOMAAT TALOUS POLITIIKKA KULTTUURI KOLUMNIT TIEDE TERVEYS VIIHDE BLOGIT VIITTOMAKIELELL SELKOSUOMEKSI NEWS IN ENGLISH NOVOSTI YLE SVENSKA YLE YLE SPMI YLE UUDIZET KARJALAKSE YLE UUTISLUOKKA ATEEMA AAMUTV ASTUDIO PERJANTAI SEITSEMN TEKSTITV RSSSYTTEET YHTEYSTIEDOTKYMENLAAKSO TUOREIMMATSEITSEMN VAROITUSTA PUOLILLE SUOMEA METEOROLOGIT KAIPAAVAT SUOMALAISILTA HAVAINTOJA LIUKKAUDESTAHIEKOITUSHIEKAT OVAT SULANEET JN SISN JINEN LIUKAS,1
S15,1
KUUSANKOSKEN UIMAHALLI SULJETTU BAKTEERILYDN ALTAASTA OTETUSTA NYTTEEST LYTYI RUTIINITARKASTUKSEN YHTEYDESS PSEUDOMONASBAKTEERIA,1
UIMAHALLIT15,2
"KONDUKTRIT STRESSAANTUIVAT JUNIEN MYHSTELYST MEIHIN ASIAKKAAN STRESSI PURKAUTUU PUOLET KAUKOJUNISTA MYHSS TAMMIKUUSSA, VAIKEUDET OVAT JATKUNEET MYS HELMIKUULLE",1
KONDUKTRIT15,1
"KOUVOLAN TALOUS ROMAHTI  KORJAUSKEINOIKSI VLYTETN TUNTUVAA VERONKOROTUSTA YTNEUVOTTELUJAVIIME VUODEN ALIJMN ARVIOIDAAN OLEVAN 26 MILJOONAA EUROA, PERTI 14 MILJOONAA ENEMMN MARRASKUUSSA ARVIOITIIN",1
KOUVOLA14,1
LAPSIA TEHD TYIKISET MUUTTAVAT  ITSUOMEN VKI VHENEE ENNUSTETTUA JYRKEMMINITSUOMESTA KAAKKOISSUOMESTA HVIT 20 VUODEN AIKANA YHDEN MAAKUNNAN VKILUVUN VERRAN ASUKKAITA,1
VESTNLASKENTA13,1
LUOTTAMUSMIEHET ALKOIVAT KIISTELL VALLASTA  NIEN MR HIERT PTTJI KYMENLAAKSON UUDESSA SOTEKUNTAYHTYMSSMAAKUNNAN SISINEN VASTAKKAINASETTELU NOUSI JLLEEN KYMENLAAKSO13,1
17VUOTIAS TYTT KADONNUT KOUVOLASSAPOLIISIN TYTT ILMOITETTIIN KADONNEEKSI VIIKKOA SITTEN,1
KADONNUT HENKIL13,1
"POMO NIMITTELI MYYJ IDIOOTIKSI, PUHUI AMPUMISESTA MUUTTI TYTEHTVI MERKITTVSTI  KALLIIKSI TULIAUTOTARVIKKEITA KOUVOLASSA MYYNEEN MIEHEN TYKYKY ROMAHTI, YRITYKSEN TOIMITUSJOHTAJA SYRJI HNT MONIN TAVOIN",1
TYPAIKKAKIUSAAMINEN12,1
TEHDASHALLIN ROMAHTI KOUVOLASSA  SISLL USEITA AUTOJAROMAHTANEEN HALLIN KATOLLA SATEIDEN JLJILT PAINAVAA LUNTA,1
SORTUMISONNETTOMUUDET11,1
KOTKAN VALTUUSTO PTT TNN MILJOONASSTIST  YLE SEURASI HETKELTKAUPUNGINHALLITUS POISTI SSTLISTALTA MUUN HENKILSTN LOMAUTTAMISEN VIIKOKSI TN VUONNA,1
KOTKA11,5
"NUORIPARI KUVASI MATKANSA MAAILMAN YMPRI  SEN JLKEEN SYNTYI VAUVA, ARKENSA YOUTUBESSAIKILOMALLAKANAVAN TITTA THOMAS HALLORAN PTTIVT YOUTUBESEURAAJANSA MUKANAAN MYS SYNNYTYSSALIIN",1
YOUTUBE9,1
KUNTAYHTYM PERUSTI VALVONTAYKSIKN TARKASTAMAAN HOIVAKOTEJA  SELVITETTV LYTYI ENSIMMISELL YLLTYSKYNNILLTMN VIIKON AIKANA KYMENLAAKSON VALVONTAYKSIKK KYNYT KAHDESSA ESPERI CAREN YHDESS MEHILISEN HOIVAKODISSA,1
LAITOSHUOLTO8,1
"LIIKEMIES SAWYER NEUVOTTELUT KANTASATAMAN HOTELLIOPERAATTORIN LOPPUSUORALLAHOTELLIN RAKENTAMISTA PIDETTY RATKAISEVANA, KOTKAAN KAAVAILTU TAPAHTUMAKESKUS TOTEUTUISI",1
HOTELLIT7,1
"KAKSI MIEST HIRIKI 15VUOTIASTA POIKAA KOULUN PIHALLA KOTKASSA, KVI KSIKSI  MRSI OPPILAAT SISN LUKITSI OVETHUMALAISET MIEHET OTETTIIN KARHUVUOREN KOULUN LHISTLT",1
KOULUT5,1
ROTTASOTA TYDESS KYNNISS KOUVOLASSA  PULSKAT RYHKET ROTAT OVAT VASTUS HYVSS KUNNOSSA NYTTVT LIIKKUVANROTTIA HVITETTY VIEMRIVERKOSTOSTA VUOTTA,1
 JAHTI TULOSTA,1
ROTTA LAJI5,1
"10VUOTIAS LUKA VILJAKAINEN TANSSII BALETTIA EIK VLIT, MIT MUUT AJATTELEVAT  MONILLE VANHEMMILLE POIKIEN BALETTIHARRASTUS MRKVAIKKA BALETIN HARJOITTELUSTA APUA MONISSA URHEILULAJEISSA, JALKAPALLOSSA KORIPALLOSSA, BALETTITUNNEILLA KY YH PASIASSA TYTTJ",1
BALETTI3,1
"KEISARIKUNTAELOKUVAN MUISTOKIVI PALJASTETTIIN KOTKASSA LIITT YHTEEN ENTISAJAN LEGENDAT KOTKAN NYKYMUUSIKOTMUISTOKIVEN PALJASTUS AJOITETTIIN PIVLLE, JONA KEISARIKUNTAELOKUVAN OHJANNUT MANDART OLISI TYTTNYT 70 VUOTTA",1
KEISARIKUNTA ELOKUVA1,1
"PAPERIKAUPPIAS SUUNNITTELI ERIKOISEN, KIRKKOA MUISTUTTAVAN TEHDASHALLIN 1800LUVUN LOPULLA  HALUTAAN PURKAAKEMIRA CHEMICALS OY HALUAA EROON VANHASTA PAHVIKUIVAAMOSTA, SIJAITSEE HISTORIALLISESTI MERKITTVLL KYMIN TEHDASALUEELTA KOUVOLASSA",1
METS PAPERITEOLLISUUS31,1
YKSI KUOLLUT LIIKENNEONNETTOMUUDESSA KOUVOLASSAONNETTOMUUS SATTUI ILTAPIVLL VOIKKAAN SILLALLA,1
TIELIIKENNEKUOLEMAT31,1
"KOTKAN SSTLISTAAN MUUTOKSIA TEATTERIN LEIKKAUSTA PIENENNETTIIN SELVSTI, SATAMAKADUN HARRASTUSTOIMINTA JATKUAKAUPUNGINTEATTERIN AVUSTUSTA PITI PIENENT 150 000 EUROLLA TN VUONNA",1
IDEA UUDESTA ELOKUVATEATTERISTA PASAATISSA EL SITTENKIN  HALLINTOOIKEUS KSITTELE KOTKALAISEN TALOYHTIN VALITUSTAYRITTJ HALUAISI KOTKAAN UUDEN ELOKUVATEATTERIN OSAKSI KAUPPAKESKUS PASAATIA,1
ELOKUVATEATTERIT & ELOKUVIEN ESITTMINEN30,1
DROONI AUTTOI MERKITTVSTI ISON TULIPALON SAMMUTTAMISESSA  ROBOTTIHELIKOPTERIT KYTSS TOISELLA PELASTUSLAITOKSELLAMIEHITTMTTMIST ILMAALUKSISTA TULLUT SAMMUTUSTIDEN JOHTAMISESSA,1
 ONNETTOMUUDET29,1
"YLEN SELVITYS VANHUSTEN RAVITSEMUS RETUPERLL MEHILISEN HOIVAKODISSA  LETKURUOKINNASSA OLLUT SAANUT RAVINTOA 18 TUNTIINMEHILISEN HOITAJA SANOO, ETT NAURESKELI, HENKILKUNTA YRITTI ONGELMISTA",1
VANHUSTENHOITO29,3
"YLEN SELVITYS HOIVAJTTI ATTENDOLLA ONGELMIA YMPRI SUOMEA  HOIVAKODEISSA ALIRAVITTUJA, ULKOILUA LIKAISISSA VAIPOISSA NUKKUMAANVALVONTAVIRANOMAISEN ASIAKIRJOJEN OSASSA ATTENDON HOIVAKOTEJA ONGELMAT OVAT JATKUNEET VUOSIKAUSIA",1
"AAMUN AJOKELI LHES MAASSA, ILTAPIVLL PYRYTT LISERITTIN HUONON AJOKELIN VAROITUS VOIMASSA UUDELLAMAALLA, KANTAHMEESS, PIJTHMEESS, KYMENLAAKSOSSA, ETELKARJALASSA ETELSAVOSSA",1
 LIIKENNES29,1
"KYMENLAAKSON KESKUSSAIRAALAN VANHALLE TORNIOSALLE OLLAAN HAKEMASSA PURKULUPAAPURKULUVAN HAKEMISTA PERUSTELLAAN MUUN SILL, ETT PERUSKORJAUS TULISI YHT KALLIIKSI UUDISRAKENTAMINEN",1
 KESKUSSAIRAALAT28,2
"YLEN SELVITYS PALJASTAA ESPERI CAREN HOIVAKOTIEN KARUJA KYTNTJ SNGYST PUDONNEET JTETTY LATTIALLE, HOIVAKOTI VLILL HOITAJAAVALVONTAVIRANOMAINEN EDELLYTTNYT ESPERILT EPKOHTIEN KORJAAMISTA 14 KAUPUNGISSA 16 HOIVAKODISSA",1
"MOOTTORIKELKKAILIJA UPPOSI JRVEEN PELASTAUTUI JLAUTALLE IITISS  HAETTIIN TURVAAN UIMALLA HOITOON HELIKOPTERILLAMIES KYLMETTYNYT, PYSTYI PITKIN OPERAATION KOMMUNIKOIMAAN PELASTUSLAITOKSEN PUHELIMELLA",1
PELASTUSTOIMINTA26,1
"TULIPALO TURMELI TEOLLISUUSHALLIA KOTKASSA, KYMMENET PALOMIEHET ESTIVT TYDEN TUHONPALOA TEOLLISUUSALUEELLA SAMMUTTAMASSA 30 PALOMIEST",1
TULIPALOT26,1
ALAIKISTEN TEKEMIEN HUUMAUSAINERIKOSTEN MR LASKI KAAKKOISSUOMESSASUURIN PAREMPAAN TAPAHTUNUT KOTKASSA,1
LAPPEENRANTA25,1
MOOTTORITIE HALUTAAN KATTAA KOTKASSA  VUOSIKYMMENI IDEA YRITETN MAALIIN KOLMANNEN KERRANYLI 40 VUOTIAS TAAJAMAA HALKOVA KANJONI JOUTAISI MONEN MIELEST VIHDOIN PIILOONMOOTTORITIET25,1
KOTKAMILLS SELVITT UUDEN LAMINAATTIPAPERIKONEEN HANKKIMISTAPAPERIKONEINVESTOINTI OLISI SUOMESSA ENSIMMINEN 20 VUOTEEN,1
AMBULANSSI JATKOSSA KATON SYNNYTYSOSASTON PERHEHUONEISTA NKEE MERELLE  KESKUSSAIRAALAN ETENEE AIKATAULUSSAKYMENLAAKSON KESKUSSAIRAALAN UUDEN LAAJENNUSOSAN HARJAKAISIA VIETETTIIN TORSTAINA KOTKASSA,1
JUNAVUOROJEN KEHITTMINEN KOUVOLAN KOTKAN VLILL  KYMENLAAKSO PSI MINISTERIN KOKEILUUNESIMERKIKSI AIKATAULUJEN MUUTTAMINEN TULEE TARKASTELUUN,1
 MYS ETELPOHJANMAAN PIRKANMAAN HANKKEET ETENEVT JATKOVALMISTELUUN,1
RAUTATIELIIKENNE23,1
KOTKASSA ETSITN TUHKAROKOLLE ALTISTUNEITA POTILAITA  KAIKKIEN NIMET VIEL TIEDOSSATUHKAROKKOON SAIRASTUNUT KYNYT YKSITYISELL LKRIASEMALLA KYMENLAAKSON KESKUSSAIRAALAN PIVYSTYKSESS,1
TUHKAROKKO23,1
"NUORET HALUAVAT KOULUAAMUJEN LOPETTAMISEN VAIKUTUKSET KOUVOLASSA  LAUTAKUNNAN SELVITYKSEN ARVOINEN NUORISOVALTUUSTO HALUAA TIET, KOULUN ALKAMISAJAN MYHENTMINEN VAIKUTTAISI KOULUPIVIEN RAKENTEESEEN KOULUKYYTEIHIN",1
MURROSIKISET23,1
KOTKAN KAUPUNGINVALTUUSTON AIKOO JTT TEHTVNS  SYYN TYMARIKA KIRJAVAINEN RYHTYY KYMENLAAKSON KAUPPAKAMARIN TOIMITUSJOHTAJAKSI HUHTIKUUSSA,1
KOTKAN VALTUUSTON PERUI EHDOKKUUTENSA EDUSKUNTAVAALEISSAKOKOOMUSLAINEN MARIKA KIRJAVAINEN VALITTU KYMENLAAKSON KAUPPAKAMARIN TOIMITUSJOHTAJAKSI,1
EDUSKUNTAVAALIT22,1
"ENTINEN NARKOMAANI PSI KOKEILEMAAN RUISKETTA, KORVAA PILLERIT HUUMERIIPPUVAISTEN HOIDOSSA MIKN OHUT NEULAUUDELLA TAVALLA ANNOSTELTAVAN KORVAUSHOITOLKKEEN USKOTAAN HELPOTTAVAN OPIOIDIRIIPPUVAISTEN ARKEA",1
KORVAUSHOITOLKKEET21,1
"MINISTERI KAAKKOISSUOMEN LKRIKOPTERISTA OLEN PAHOILLANI NIIDEN IHMISTEN PUOLESTA, JVT NOPEAN PALVELUN ULOTTUMATTOMIINPERHE PERUSPALVELUMINISTERI ANNIKKA SAARIKKO HUOMAUTTAA, ETT KAAKKOISSUOMEN NOPEASSA HOIDOSSA PARANEE KOKONAISUUDESSAAN",1
LKRIHELIKOPTERIT21,2
"SANOMALEHDET JULKAISIVAT KOHUTUN FINGERPORISARJAKUVAN  PYYT ANTEEKSIKAAKON VIESTINT KOMMENTOI, AIEMMIN SYKSYLL KOHUN AIHEUTTANUT FINGERPORISARJAKUVA PTYI LEHTEEN",1
SARJAKUVAT21,1
"LHES 100VUOTIAS KOUVOLAN PUKIMO KONKURSSIIN  PERHEYRITYKSEN HIRVEN IKV, ETTEN KYENNYT TT HOITAMAANVAATELIIKE PSI YRITYSSANEERAUKSEEN SITTEN",1
 KONKURSSI21,1
"KYMMENILT PAIKKAKUNNILTA LIIKKUVA NUORISOTILA TULEE KOTKAAN MEIDN AIKUISTEN OLTAVA VALMIITA KESKUSTELEMAAN NUORTEN KANSSANUORILLA LUOTETTAVIEN IHMISTEN KANSSA, USKOVAT AUTON KULKEVAT AIKUISETNUORISOTY18",1
KATARIINAN UIMAHALLISSA POLSKII VUOSITTAIN 190 000 UIMARIA  RIITTK KOTKAAN UIMAHALLI? KAUPUNGINJOHTAJA ESITT TOISEN UIMAHALLIN SULKEMISTA,1
SUOMALAINEN SVELLYSKILPAILU SAI HUIKEAN SUOSION  OSALLISTUJIA 37 MAASTANELJNTEEN KANSAINVLISEEN UUNO KLAMI SVELLYSKILPAILUUN SAAPUI MRAIKAAN MENNESS 283 TEOSTA,1
 KULTTUURI18,1
"PIENTEN KOULULAISTEN ILTAPIVKERHOT LOPPUISIVAT KOTKASSA SSTEHDOTUKSET OVAT RAJUJAKAUPUNGINJOHTAJA MYS, ETT OPETTAJIA VHENNETN",1
 JOHTAISI OPETUSRYHMIEN KASVUUN,1
KOULULAISET17,1
MENEVTK KOPTERIKANTELUT HUKKAAN?  OIKEUSASIAMIES KUMOTA MINISTERIEN PTSTETELKARJALASSA PETYTTIIN MINISTERITYRYHMN LINJAUKSEEN KAAKKOISSUOMEN LKRIHELIKOPTERI KOUVOLAAN,1
"KOTKAN KAUPUNGINJOHTAJAN PITK SSTLISTA UIMAHALLI KIINNI, KULTTUURIJOHTAJAA PALKATAKAAN HENKILST LOMAUTETAANKOTKAN ETSII 6,3 MILJOONAN EURON SSTJ",1
"RAKENNUKSIA MENEE MATALAKSI KIIHTYVLL VAUHDILLA  PURKUALAA UHKAA TYVOIMAPULA1970LUVUN TALOJEN TEKNIIKKA VANHENEE, RAKENNUSTEN PURKU HOUKUTTELEVA VAIHTOEHTORAKENTAMINEN & KIINTEISTT17",1
KOUVOLA KAAVAILEE KIELTVNS KIRJASTOJEN KYTN NUORILTA ILTAISIN  NUORILTA TIUKKA EIMYLLYKOSKEN INKEROISTEN KIRJASTOISSA PITKN JATKUNEESEEN HIRINTN ETSITN RATKAISUJA,1
KIRJASTOT16,1
"NYT LISPUUTISETKUINKA HOIVAPALVELUIDEN MAKSUILLA VOISI VIEL TILKIT KUNTIEN KASSAA? TMN VERRAN ILMAINEN PALVELU  LISTALAKI MR, SUURIA MAKSUJA PALVELUIDEN KYTTJILT SAA PERI",1
 MONISSA MAKSUISSA VIEL VARAA KOROTUSVARAA,1
SOSIAALI TERVEYSPALVELUT1422HALLAAHO THT HALLITUSVASTUUSEEN  ERITTIN TRKE ETT PERUSSUOMALAISET OVAT HALLITUKSESSAOMASTA JATKOSTAAN PUHEENJOHTAJANA HALLAAHO AIKOO VAALIEN JLKEEN,1
" HN SANOO OLEVANSA JATKAMAAN PUHEENJOHTAJA, PUOLUEEN SIT VAATII",1
JUSSI HALLAAHO1353NUORISOASIANTUNTIJA VAROITTAA PUOLUEITA TORIKAHVIT FACEBOOK EIVT SAA NUORIA NESTMN PELISS DEMOKRATIAN TULEVAISUUSSUURIN 25VUOTIAISTA AIKUISISTA J KAIKISSA VAALEISSA KOTIIN,1
 PASSIIVISUUDEN KIERRE KATKAISTAAN?NESTMINEN1149 ETUSIVU  KOUVOLAN SANOMATKOUVOLAN SANOMATLAUANTAI 16,1
"2019KAIETUSIVUVALIKKOVALIKKO ETUSIVU  ETUSIVU  VALIKKOLHELL KOTIMAA TALOUS KULTTUURI VIIHDE URHEILU JUTTUVINKKI  LHELL  KOTIMAA  TALOUS  KULTTUURI VIIHDE  URHEILU  JUTTUVINKKI  TEEMAT VALIKKOKOTI JUOMA LENTOKONEET FINGERPORI MEIDN MENOT ELMNKAARI KAUPALLINEN YHTEISTY   JUOMA  LENTOKONEET  FINGERPORI  MEIDN MENOT  ELMNKAARI  KAUPALLINEN YHTEISTY  VALIKKOPKIRJOITUKSET KOLUMNIT LUKIJALTA NAPAKAT JT  PKIRJOITUKSET  KOLUMNIT  LUKIJALTA  NAPAKAT  JT  TAPAHTUMAT  VAALIT  NKISLEHTI VALIKKO   ASIAKASPALVELU VALIKKOTEE TILAUS JAKELUNKESKEYTYS VAKITUINEN OSOITTEENMUUTOS TILAPINEN OSOITTEENMUUTOS JT YHTEYSTIEDOT YRITYSASIAKKAAT ANNA PALAUTETTA  TEE TILAUS  JAKELUNKESKEYTYS  VAKITUINEN OSOITTEENMUUTOS  TILAPINEN OSOITTEENMUUTOS  JT  YHTEYSTIEDOT  YRITYSASIAKKAAT  ANNA PALAUTETTA  KIRJAUDU SISN KIRJAUDU SISNPUHEENAIHESIRKKARUOKABISNES KAATUI SEK INKEROISISSA ETT RUOTSINPYHTLLOTSIKOISSAVIINI VIRTAA PATOKLUBILLA VIIKONLOPPUNA  VIINIMESSUT MYYTIIN LOPPUUN UUSIA SUUNNITELLAAN JOTILAAJALLETILAAJALLEURHEILU1119UUTISEN TAKAA KOOKOO PYLLISTNYT KANNATTAJILLEEN, PIT KRKIPELAAJANSA KAUDEN LOPPUUN TOIMITUSJOHTAJA VLIMAAN KOOKOO SIIRTOIKKUNAN SULKEUTUMISTA ENEMMNKIN OSTOHOUSUT JALASSA 0 0 0 KOOKOO HALUAA RATKAISULLAAN KIILLOTTAA IMAGOAAN, MYS SILL PSYLIPPU OTTELUTULOIHIN",1
 JOUKKUEESSA TLL HETKELL 11 TERVETT HYKKJ,1
 SAMU PERHOSEN PERJANTAINEN LOUKKAANTUMINEN TEKI MYS MAALIVAHTITILANTEESTA ENTIST VAIKEAMMAN,1
"TIMO RANTAAIHEET JKIEKKO LIIGA KOOKOO SIIRTOIKKUNA MALTE STRMWALLLIS AIHEESTA UUTISEN TAKAA KOOKOON TOIMITUSJOHTAJAN SAKARI VLIMAAN PELAAJIEN TYHJENNYSMYYNTI TULE, KAUPPAAMINEN TEKISI SEURAN TALOUDELLE HYV  KAUDEN KRKIKASTISTA TIENASI 200000300000 EURON POTIN8",1
"2019 603 KOOKOOHYKKJT STRMWALL, KARLSSON, PITKNEN HAKULINEN SIIRTOHUHUJEN KUUMAT NIMET EXPRESSEN LISTASI SHLSEUROJA KIINNOSTAVAT PELAAJAT13",4
2019 1750 MALTE STRMWALL AION KAUDEN LOPPUUN KOOKOOSSA  PVALMENTAJA MIKKO HEISKANEN KIEHUI UMPISURKEAN KOLMANNEN ERN TAKIA15,1
"2019 2221 AVAINJUTTULHELL1202RAHOJEN SAAMISESTA TOIVOA, NETTIHUIJARIT ISKIVT PESULAYRITTJN KIMPPUUNJA TYHJENSIVT PANKKITILIN UHRI KERTOO TARINANSA VAROITUKSEKSI MUILLE TOISTA KERTAA MINUA HUIJATA000 0 0 0  LHELL705ALLE TUNNIN JUNAYHTEYS KOUVOLASTA HELSINKIIN YHDEN PYKLN LHEMPN  MINISTERI BERNER JRJEST TIISTAINA NEUVOTTELUN RADAN RAHOITTAMISTAVOISTA000 0 0 0  AVAINJUTTUKULTTUURI VIIHDE630UUTISEN TAKAA KOUVOLA PYRITT MUSEOITAAN PIKKUHILUILLA  LISKSI VHISEN HENKILKUNNAN TYAIKAA MENEE KOUVOLATALON VUOTAVAN KATON AIHEUTTAMIEN ONGELMIEN HOITAMISEEN000 0 0 0  LUETUIMMAT 48H UUSIMMAT  KOMMENTOIDUT 72H1",1
 1AVAINJUTTUKOUVOLALAINEN JANIKA MANKKI AMPUNUT 19VUOTIAANA ENEMMN HIRVI METSSTJURANSA AIKANA  VUODEN ERNUORI HIRVINAINEN KOLMANNESSA POLVESSA2,3
" 3AVAINJUTTUPAKKASESSA PIKKUHEPENISS, VLIKALJAT LASIHELMESS, ANDY MCCOY HUKKASI KITARANSA  VALKEALALAISABIT MUISTELEVAT HYMYSS SUIN OMIA PENKKAREITAAN 18 VUOTTA SITTEN, MIT HEILLE KUULUU NYT4",3
 4KOUVOLAN KELAN TOIMISTO SULJETTIIN PERJANTAINA KAHDEKSI TUNNIKSI UHKAUKSEN  OTTI UHKAUKSESTA EPILLYN MIEHEN YKSITYISASUNNOSTA KOUVOLAN KESKUSTASSA5,3
" 5TAAS RYTISI KOUVOLANTIELL  REKKAA SUISTUI VALTATIELT KESKIVIIKKONA ILLALLA MUUTAMAN MINUUTIN VLEIN, ROMUTTUI KORJAUSKELVOTTOMAKSINYT LIS LUKIJALTA1310LUKIJALTA MISETMENETELM PARANTAISI TEOLLISUUDEN PUUNSAANTIA000 0 0 0  KOTIMAA1200ANTEEKSI, VOINKO PST OHI? TELLUROBOTTI KYSYY, J HELSINKIVANTAALLA JUMIIN JAPANILAISTEN SEINN VLIIN  VIDEOLTA, ROBOTTI TEKEE TYT LENTOASEMALLA 000 0 0 0  AVAINJUTTUTALOUSEUROOPAN SUURIMMAKSI AIOTTU SIRKKATEHDAS KAATUI TUOTANNON ONGELMIIN  INKEROISISSA TOIMINEEN POHJOLAN HYNTEISTALOUDEN SANTTU VEKKELILL UUSIA BISNESSUUNNITELMIA000 0 0 0  LHELL1147LUMI VEI NAVETASTA PIIPUN MANNARINTIELL  PELASTUSLAITOS POISTI PALAT NOSTOLAVAAUTOLLA ISNT JI SUUNNITTELEMAAN REMONTTIA 000 0 0 0 LHELL607KUUSANKOSKELAINEN KUSTAANKOTI ERITYISTARKKAILUUN  YLLTYSTARKASTUKSESSA LYTYI ONGELMIA, EIK ENSIMMIST KERTAA000 0 0 0  KAUPALLINEN YHTEISTY  KASARMIRAVINTOLA KOUVOLAKASARMINMEN KAUNEUS AVAUTUU KASARMIRAVINTOLAN IKKUNOISTASISLL RAVINTOLASSA PSEE NAUTTIMAAN HYV RUOKAA HISTORIALLISESSA YMPRISTSS000KOUVOLAN KASARMIRAVINTOLA KAIKILLE LOUNASPAIKKA, SIELL PSEE JRJESTMN MYS JUHLIA",1
 VAPPUNA TARJOLLA ENSIMMIST KERTAA BRUNSSIA,1
" HYV RUOKAA, EIK TARVITSE LAITTAA",1
", ASIAKAS RAVINTOLAN VIERASKIRJASSA",1
"  0 0 0 AVAINJUTTULHELLKOUVOLASSA ENSIMMIST KERTAA JRJESTETYT VIINIMESSUT MYYTIIN LOPPUUN  JATKOA SYKSYLL 000 0 0 0  NAPAKAT400NAPAKAT VIRKAMIEHI, JOIDEN TEHTVN VALVOA BUDJETISSA PYSYMIST",1
 TUTKINNAN PAIKKA,2
 TLLAISTA SAA LPI KSIEN KOUVOLASSA000 0 0 0  PKIRJOITUKSET400PKIRJOITUS MERENKULUN SOPIMUSKIISTASSA OSAPUOLET OVAT KAUKANA TOISISTAAN000 0 0 0  KAUPALLINEN YHTEISTY  MATCHBANKERHAJOSIKO KODINKONE TARVITSETKO VARAKASSAN MATKALLE?  NIN HAET LAINAA VERKOSTA VIISAASTI000LAINOJEN VERTAILEMINEN KANNATTAA,1
 0 0 0 FINGERPORI000FINGERPORI 16,1
"2019000 0 0 0  AVAINJUTTULHELLKUNNALLISVEROON KOROTUS, LUKIO VHEMMN, KULTTUURIPALVELUT MINIMIIN, SAIRAUSLOMALAISELLE KORVAAVAA TYT  TSS ESIMERKKEJ KOUVOLAN UUSISTA SSTVAIHTOEHDOISTA000 0 0 0  URHEILU2232RALLIKANSA VIIHTYI KAVIOURAN KATVEESSA  KOUVOLAN SMRALLIN AVAUS TARJOSI JONGLRAUSTA, ILOTULITUSTA HARJOITUSTA LAUANTAIN METSTAIPALEILLE000 0 0 0  AVAINJUTTUURHEILU2221MALTE STRMWALL AION KAUDEN LOPPUUN KOOKOOSSA  PVALMENTAJA MIKKO HEISKANEN KIEHUI UMPISURKEAN KOLMANNEN ERN TAKIA000 0 0 0  URHEILU2121KOOKOO KUPSAHTI KOLMANNESSA ERSS LAHDESSA  PELICANS MURJOI MASENTUNUTTA KOUVOLALAISJOUKKUETTA, JOLLA EDESSN PITK ANKEA KUUKAUSI000 0 0 0  LUKIJALTA2019LUKIJALTA LKREIST TULOSSA RIKKAIDEN ETUOIKEUS000 0 0 0  VAALIT2018KOUVOLAN KAUPUNGINVALTUUTETTU JUHA HUHTALA LHTEE MYS VIHREIDEN EUROVAALIEHDOKKAAKSI000 0 0 0  AVAINJUTTULHELLKOUVOLALAINEN JANIKA MANKKI AMPUNUT 19VUOTIAANA ENEMMN HIRVI METSSTJURANSA AIKANA  VUODEN ERNUORI HIRVINAINEN KOLMANNESSA POLVESSA000 0 0 0  LUKIJALTA1843LUKIJALTA HAANOJAN HALLI SOPII LIIKUNTARAJOITTEISILLE000 0 0 0  KAUPALLINEN YHTEISTY  KOUVOLAN SANOMATRTTELST KUORIUTUI HELMI000UUTISTOIMITTAJAN TRKEIN TEHTV LUKIJOITA",1
" JUTTUAIHEET OVAT YLEENS TOIMITTAJIEN OMIA BONGAUKSIA TOREILTA TURUILTA, HYVT VINKIT TULEVAT LUKIJOILTA",1
" SUTISEN KAUPAN TARINA KUUSANKOSKELTA HYV SIIT, LEHDEN SISLTN",1
 0 0 0 AVAINJUTTULHELL1803VLILL HYVIKIN UUTISIA VANHUSTENHOIDOSTA  KYMIJOEN HOIVA SAI VALTAKUNNALLISEN PALKINNON PITKAIKAISESTA HYVST TYSTN000 0 0 0  LUKIJALTA1718LUKIJALTA SOTEORAVANPYR KY KALLIIKSI000 0 0 0  URHEILU1712KOUVOLALAISET URHEILIJAT LIVT TAHTIA  SUOMEN JOUKKUEEN KOLMESTA MITALISTA KAHDESSA KOUVOLALAISKOSKETUS EUROOPAN NUORTEN OLYMPIAFESTIVAALEISSA000 0 0 0  LHELL1627KUUSANKOSKEN LUKIOLAISTEN TANSSIKENGT LIUKUIVAT SUJUVASTI VANHOJEN TANSSIEN TAHTIIN  KUVAKOOSTE VANHOJENPIVN PUKULOISTOSTA000 0 0 0  LHELL1522KOUVOLASSA SUOMEN SUURIN ONNETTOMUUSHARJOITUS  KAIKKIA KAUPUNKILAISIA KEHOTETAAN KOKEILEMAAN KAASUVAARALTA SUOJAUTUMISTA000 0 0 0 LIS ARTIKKELEITA LUETUIMMAT 48H UUSIMMAT 1,1
" 5TAAS RYTISI KOUVOLANTIELL  REKKAA SUISTUI VALTATIELT KESKIVIIKKONA ILLALLA MUUTAMAN MINUUTIN VLEIN, ROMUTTUI KORJAUSKELVOTTOMAKSI6",2
 6OLETKO NHNYT? KOUVOLAN ETSII 17VUOTIASTA JASMIN TIKKAA 7,2
 7KOUVOLAN SOTEPALVELUJEN OSTOT AIHEUTTIVAT IKVN YLLTYKSEN KAUPUNGIN VUODEN 26 MILJOONAA EUROA MIINUKSELLA  POLIITIKOT ALKAVAT MAALISKUUSSA PERATA HENKILSTN PALVELUJEN SSTJ8,2
" 8TLT TULLAAN  KOUVOLAN ABIEN PENKKARIHUMU TYTTI YDINKESKUSTAN ELMNILOLLA, KUVAT KIRJAVASTA KULKUEESTA9",2
" 9ASUNTOLAINAN KORKOVHENNYS KUTISTUI VUODEN ALUSTA  RIKKAILLA VARAA OMAAN ASUNTOON, PELK VERONMAKSAJAIN KESKUSLIITTO10",2
" 10AVAINJUTTUKUNNALLISVEROON KOROTUS, LUKIO VHEMMN, KULTTUURIPALVELUT MINIMIIN, SAIRAUSLOMALAISELLE KORVAAVAA TYT  TSS ESIMERKKEJ KOUVOLAN UUSISTA SSTVAIHTOEHDOISTANYT KAIKKIMIELIPIDE KOLUMNIT11",1
2019 1300KOLUMNI ESPETTERI CARE VANHUKSILLE UUSIA VIRIKKEIT ARVONNOILLA  UBERNER TAKSIALAN HALTUUNSAJANNE RNKK KOLUMNIT3,1
2019 1300KOLUMNI IITTI SATSAA LIIKAA LAPSIIN  MIT MINUN KORVANI KUULIVAT?SATUMIIA MASALINLUE MIELIPITEETLUETUIMMAT1,1
" 10AVAINJUTTUKUNNALLISVEROON KOROTUS, LUKIO VHEMMN, KULTTUURIPALVELUT MINIMIIN, SAIRAUSLOMALAISELLE KORVAAVAA TYT  TSS ESIMERKKEJ KOUVOLAN UUSISTA SSTVAIHTOEHDOISTAUUSIMMAT 1310LUKIJALTA MISETMENETELM PARANTAISI TEOLLISUUDEN PUUNSAANTIA 1202AVAINJUTTURAHOJEN SAAMISESTA TOIVOA, NETTIHUIJARIT ISKIVT PESULAYRITTJN KIMPPUUNJA TYHJENSIVT PANKKITILIN UHRI KERTOO TARINANSA VAROITUKSEKSI MUILLE TOISTA KERTAA MINUA HUIJATA 1200ANTEEKSI, VOINKO PST OHI? TELLUROBOTTI KYSYY, J HELSINKIVANTAALLA JUMIIN JAPANILAISTEN SEINN VLIIN  VIDEOLTA, ROBOTTI TEKEE TYT LENTOASEMALLA  1147LUMI VEI NAVETASTA PIIPUN MANNARINTIELL  PELASTUSLAITOS POISTI PALAT NOSTOLAVAAUTOLLA ISNT JI SUUNNITTELEMAAN REMONTTIA  1119AVAINJUTTUUUTISEN TAKAA KOOKOO PYLLISTNYT KANNATTAJILLEEN, PIT KRKIPELAAJANSA KAUDEN LOPPUUN TOIMITUSJOHTAJA VLIMAAN KOOKOO SIIRTOIKKUNAN SULKEUTUMISTA ENEMMNKIN OSTOHOUSUT JALASSA 705ALLE TUNNIN JUNAYHTEYS KOUVOLASTA HELSINKIIN YHDEN PYKLN LHEMPN  MINISTERI BERNER JRJEST TIISTAINA NEUVOTTELUN RADAN RAHOITTAMISTAVOISTA 630AVAINJUTTUUUTISEN TAKAA KOUVOLA PYRITT MUSEOITAAN PIKKUHILUILLA  LISKSI VHISEN HENKILKUNNAN TYAIKAA MENEE KOUVOLATALON VUOTAVAN KATON AIHEUTTAMIEN ONGELMIEN HOITAMISEEN 607KUUSANKOSKELAINEN KUSTAANKOTI ERITYISTARKKAILUUN  YLLTYSTARKASTUKSESSA LYTYI ONGELMIA, EIK ENSIMMIST KERTAA 530AVAINJUTTUEUROOPAN SUURIMMAKSI AIOTTU SIRKKATEHDAS KAATUI TUOTANNON ONGELMIIN  INKEROISISSA TOIMINEEN POHJOLAN HYNTEISTALOUDEN SANTTU VEKKELILL UUSIA BISNESSUUNNITELMIA 400NAPAKAT VIRKAMIEHI, JOIDEN TEHTVN VALVOA BUDJETISSA PYSYMIST",1
" TLLAISTA SAA LPI KSIEN KOUVOLASSAKOMMENTOIDUT RATAMOKESKUKSEN TONTTIA MYLLTN YT PIV PAALUTUS PERUSTUSTEN AIKAISINTAAN KESLL PKIRJOITUS KARHISEN SELVITYS TOISI BISNESMALLIT MAATALOUTEENKIN JUNARATA VEISI KOUVOLASTA PORVOON LENTOKENTLLE 38 MINUUTISSA  HUIKEA HYTY KOUVOLAN SOTEPALVELUJEN OSTOT AIHEUTTIVAT IKVN YLLTYKSEN KAUPUNGIN VUODEN 26 MILJOONAA EUROA MIINUKSELLA  POLIITIKOT ALKAVAT MAALISKUUSSA PERATA HENKILSTN PALVELUJEN SSTJ AVAINJUTTUKUNNALLISVEROON KOROTUS, LUKIO VHEMMN, KULTTUURIPALVELUT MINIMIIN, SAIRAUSLOMALAISELLE KORVAAVAA TYT  TSS ESIMERKKEJ KOUVOLAN UUSISTA SSTVAIHTOEHDOISTA LUKIJALTA KYMSOTEN PERUSSOPIMUKSEN MUUTTAMINEN HORJUTTAISI LUOTTAMUSTA MAAKUNNAN SISLL AVAINJUTTUJOKAINEN SAIRAANHOITAJALLA KYNTI 10 EUROA  MAKSUA PERITN MYS LKRIN SOITOSTA POTILAALLE KYMSOTE OTTI KYTTN SAMAT ASIAKASMAKSUT KAIKISSA JSENKUNNISSAAN LUKIJALTA TURVALLISUUS HYVINVOIVAN SUOMEN ELINEHTO AVAINJUTTUMILJOONA EUROA KOUVOLATALON KATTOON TN VUONNA, VUOTOJEN TAUSTALLA RAKENNUSVIRHE  ALUNPERIN EPONNISTUTTU SEK SUUNNITTELUSSA ETT TOTEUTUKSESSA NAPAKAT TARVITSE PIENELKELINEN RATOJA, KANAVIA EIK TEATTERIAKOUVOLAN SANOMATTEKIJNOIKEUDET  KAAKON VIESTINT OYLEHTIKAARI 1, PL 40, 45101 KOUVOLAPUH",1
