ETUSIVU,16
,1662
KYMEN,10
SANOMATKYMEN,1
SANOMATLAUANTAI,2
16.2.2019KAIETUSIVUVALIKKOVALIKKO,4
VALIKKOLHELL,4
KOTIMAA,10
TALOUS,12
KULTTUURI,17
VIIHDE,10
URHEILU,12
JUTTUVINKKI,12
LHELL,5
TEEMAT,5
VALIKKOKOTI,13
JUOMA,11
LAIVAT,7
FINGERPORI,16
MEIDN,5
MENOT,4
KAUPALLINEN,20
YHTEISTY,23
VERKKOKAMERAT,4
MUISTOKIRJOITUKSET,6
VALIKKOPKIRJOITUKSET,6
KOLUMNIT,10
LUKIJALTA,23
TEKSTARIT,5
JT,21
TAPAHTUMAT,9
VAALIT,6
NKISLEHTI,4
ASIAKASPALVELU,9
TILAUS,10
JAKELUNKESKEYTYS,8
VAKITUINEN,8
OSOITTEENMUUTOS,16
TILAPINEN,10
YHTEYSTIEDOT,8
YRITYSASIAKKAAT,12
ANNA,12
PALAUTETTA,12
TEE,14
KIRJAUDU,13
SISN,22
SISNOTSIKOISSAKATSO,2
KUVAT,21
VIDEOT,24
"KARHULAN,",6
LYSEON,5
HAMINAN,14
VANHOJENTANSSEISTA,5
PUKULOISTOSTASUOSITTELEMMEVAMMAISEN,1
PARIN,3
"TARINA,",4
RAKKAUTTA,3
"MERELL,",2
KARAOKEA,1
RUSETTILUISTELUA,2
TST,9
SANOMIEN,1
RAKKAUSVIIKKOAIHEISET,1
JUTUTTILAAJALLETILAAJALLELHELL1201PRISMAN,1
KASSALLA,6
HYMYILEV,2
AFGANISTANISTA,2
KOTKAAN,44
PERHEINEEN,4
MUUTTANUT,5
NABIL,4
NIAZI,4
IHAILEE,2
SUOMALAISTEN,13
REHELLISYYTT,2
PUHELIMEN,2
"LOMPAKON,",2
VIE,13
ASIAKAS,4
SEN,23
INFOON,2
0,367
OPISKELLUT,1
SUOMEN,9
KIELEN,2
TEHNYT,1
TIT,5
VOIDAKSEEN,1
TYSKENNELL,1
FREELANCETULKKINA,1
SEK,5
AUTOMARKETIN,1
SADAT,11
IHMISET,15
OVAT,18
KEHUNEET,3
MIEHEN,7
POSITIIVISUUTTA,1
SOSIAALISESSA,1
MEDIASSA.JOHANNA,1
VEHKALUOTOAIHEET,1
AVAINJUTTUKOTIMAA1400JOONATAN,1
JSKELINEN,3
HALUSI,10
AMMATTILENTJKSI,3
HAAVEESTA,3
TULLUT,7
TOTTA,13
INTENSIIVISEN,3
KOULUTUKSEN,5
KYNYT,12
PERMIES,3
AIRBUS,3
A320LENTOKONEEN,5
OHJAAMOON000,3
LHELL1030VENLISYHTI,2
KAUPPAA,13
PITKIENHIEKKOJEN,2
VUOKRASOPIMUSTAHINTAPYYNT,2
799000,2
EUROA000,3
LHELL910KOTKAN,2
VESILL,5
KALAKANTOJA,2
HALUTAAN,9
TARVITAAN,5
RAJOITUKSIA,2
SUOJELUA000,2
LUETUIMMAT,16
48H,8
KOMMENTOIDUT,13
72H1.,4
1KAKSI,3
REKKAA,7
SUISTUI,8
RANTAHAASSA,4
KESKIVIIKKONA,16
ILLALLA,6
MUUTAMAN,12
MINUUTIN,9
VLEIN,15
2.,8
2AVAINJUTTUPENKKARIPIV,4
ELMSS,6
SATUHAHMOT,8
MAAILMANPOLITIIKASTAKIN,4
TUTUT,5
JUHLIVAT,5
ABIEN,6
JOUKOSSA,4
GALLERIALLINEN,4
HAMINALAISTEN,5
JUHLINNASTA,6
MYS,24
3AVAINJUTTUPIENI,5
JNNITYS,4
PIT,12
VARPAILLAAN,4
VANHOJENPIV,16
JUHLITTIIN,4
LUKIOISSA,6
GLAMOURMEININGILL,4
PUKULOISTOSTA4.,6
KIRITTV,4
KOTKANHAMINAN,4
SIJOITTUI,5
YRITYSJOHTAJIEN,4
KUNTARANKINGISSA,4
LISTAN,14
VIIMEISEKSI5.,5
PRISMAN,5
PARKKIHALLISSA,6
LIIKENNEKURI,4
HLLSS,4
SEITSEMSTTOISTA,4
AUTOSTA,12
TYSI,6
TUSINA,4
AJOI,7
VAUHTIAAN,4
HILJENTMTT,4
STOPMERKIN,4
OHITSENYT,1
LIS,46
KOLUMNIT1315KOLUMNI,2
KAHVIA,4
SONNAT,3
HOUSUSSA?000,2
"KOTIMAA1200ANTEEKSI,",6
VOINKO,14
PST,11
OHI?,9
TELLUROBOTTI,8
"KYSYY,",9
J,11
HELSINKIVANTAALLA,8
JUMIIN,8
JAPANILAISTEN,8
ROBOTTI,8
TYT,19
LENTOASEMALLA,8
000,17
AVAINJUTTULHELLKOTKASSA,6
KAUPUNGIN,16
HENKILST,15
VHENEEHENKILSTJOHTAJAN,2
MONESSA,4
YKSIKSS,3
TIUKKAA,6
NYT000,1
LUKIJALTA1120LUKIJALTA,10
KAAKON,10
KUNTIEN,3
LOBATTAVA,2
YHDESS,6
OIKEUDENMUKAISEMMAN,2
VALTIONOSUUSJRJESTELMN,2
PUOLESTA000,4
LHELL1100YLIPITKT,2
REKAT,2
EIVT,14
TODENNKISESTI,2
TULE,10
KADUILLE,3
KIELTOMERKKEJ,2
LAITETAAN,3
"VASTA,",22
ONGELMIA,11
ILMENEE000,2
MATCHBANKERHAJOSIKO,4
KODINKONE,4
TARVITSETKO,8
VARAKASSAN,10
MATKALLE?,4
NIN,15
HAET,7
LAINAA,4
VERKOSTA,6
VIISAASTI000LAINOJEN,4
VERTAILEMINEN,8
KANNATTAA.,5
MATCHBANKERPALVELU,4
HINTOJEN,5
LISKSI,6
LAINAEHTOJA,4
PALVELUTASOA.,4
VIIHDE730KYMIJOEN,2
LOHISOITTO,2
LANSEERASI,2
OHJELMANSA,4
KYLLHN,3
TM,19
ETT,27
"KANKEA,",3
KRRYNPYRI,2
"HEITTISI,",2
KEHAISI,2
FESTIVAALITOIMIKUNNAN,2
JYLHVUORIO000,2
AVAINJUTTULHELL600TAVOITE,6
"KOVA,",2
SAAVUTETTAVISSA,2
KYMENLAAKSOA,14
HIILINEUTRAALIKSI,2
VUOTEEN,19
2040,2
MENNESS,3
PKIRJOITUKSET400PKIRJOITUS,4
MERENKULUN,4
SOPIMUSKIISTASSA,4
OSAPUOLET,6
KAUKANA,7
TOISISTAAN000,5
FINGERPORI000FINGERPORI,4
16.2.2019000,4
LHELLRAKKAUSVIIKKO,3
"ENSIKERTALAISIA,",1
KONKAREITA,3
YHDET,1
HT,5
YSTVNPIVN,3
VETI,15
TYDELT,1
VKE,1
KOTKASSA000,14
URHEILU2320KTPN,1
DONTE,1
THOMASIN,2
TYRELL,1
NELSONIN,1
NIMET,6
LYTYVT,1
YLLTTEN,2
MUNKKINIEMEN,1
KISAPOIKIEN,2
PELAAJALISTALTA,1
TSS,16
SYY000,1
LHELL2212NOROVIRUKSEEN,1
SAIRASTUNEILLE,1
SAIRAALASSA000,1
URHEILU2130HAMINAN,1
PARHAAN,11
URHEILIJAN,10
HARJOITUSMATKA,3
ETELAFRIKKAAN,3
KALLIIKSI,6
ASELAUKUN,3
LENTOLIPUT,3
MAKSOIVAT,4
VARKAAT,7
TYHJENSIVT,5
VALMENTAJAISN,5
PANKKITILIN000,5
LHELL2109JTEKULJETUKSISSA,2
VIIVSTYKSI,2
TAVOITTEENAMME,3
MAHDOLLISIMMAN,4
NORMAALIKSI000,2
LHELL2039ASUNTOKAUPAN,1
NOUSUSUHDANNE,1
HOVINSAAREN,1
FREGATTIHANKE,1
KESKENERISEKSI000,1
REUNASTA,1
LYTYI,7
IGLU,1
TOIMITTAJA,12
VALKMUSAAN,2
RAKENNETTUA,2
LUMIMAJAA,1
ETUKTEEN,2
"HIRVITTI,",2
PIENEN,4
SISNKYNTIAUKON,1
MATALASSA,3
ISKEE,1
AHTAANPAIKANKAMMO000,1
MAASEUDUN,9
VALOKUITUVERKKOON,1
PANOSTAA000,1
OMAISHOITAJIEN,1
TUKI,3
VOITAISIIN,2
SIIRT,6
KELAN,4
MAKSETTAVAKSI000,1
AVAINJUTTULHELL1700RAKKAUSVIIKKO,1
IKUINEN,10
IKV,7
IURII,1
VESTERINEN,1
AJATTELEE,2
PIV,5
VENJLLE,1
JNEIT,1
AIKUISIA,5
LAPSIAAN,3
MIT,16
OLEN,6
"HEIST,",2
ENEMMN,9
RAKASTAN.000,1
LHELL1604HENKILAUTON,3
TULIPALO,5
SYTYTT,1
VIEREISEN,5
KERROSTALON,1
VALKAMAKADULLA,1
LUKIJALTA15.2.2019,2
YMMRR,3
VANHUSTEN,3
LAIMINLYNTI000,2
LHELL15.2.2019,1
1345SOVITUT,1
KONSERTIT,7
KIIST,2
KONKURSSIN000,2
ARTIKKELEITA,4
1.,12
OHITSE6.,3
6HYVNTUULENTIEN,2
PELTIPOLIISI,2
VIHDOIN,3
DIGITAALINEN,2
NOPEUSVALVONTALAITTEISTO,2
OTETTIIN,9
"KYTTN,",5
KAAKKOISSUOMEN,8
POLIISI7.,7
8AVAINJUTTUTT,10
KELPAA,3
UPEA,4
JOLLA,5
KAUPUNKIPUISTO,2
OSALLISTUU,3
EUROOPAN,6
NEUVOSTON,2
MAISEMAKILPAILUUN9.,2
9PALONALKU,2
PYHTLL,2
PIVYSTVN,2
PALOMESTARIN,2
ASUKKAIDEN,4
RIPE,2
SUUREMMAT,2
VAHINGOT10.,2
10AVAINJUTTUNYKYISIN,3
SAIRAANHOITAJALLAKIN,4
MAKSAAILMAISET,3
HOITAJAKYNNIT,3
HISTORIAA,4
KUNNISSANYT,2
KAIKKIMIELIPIDE,4
HOUSUSSA?RIINA,1
LEHTORANTA,1
KOLUMNIT10.2.2019,6
1315KOLUMNI,4
PURKKI,2
"LAATIKOSSA,",1
LAATIKKO,2
KOSMETIIKAN,1
OSTAJAN,1
SOPII,2
"MIETTI,",1
MIK,13
TURHAAPIVI,1
TAUSSILUE,1
MIELIPITEETLUETUIMMAT1.,4
KUNNISSAUUSIMMAT,1
1400AVAINJUTTUJOONATAN,3
1201AVAINJUTTUPRISMAN,6
AVAINJUTTUKEILAAMINEN,6
LOPPUA,8
PTTYMINEN,1
KEILAHALLITOIMINTAA,1
PYRITTVN,4
KKLN,1
AHTAALLE,4
KIKY,1
PYSYY,3
"KEINOVALIKOIMASSA,",2
SIPIL,1
PMINISTERIN,5
KALOILLA,2
RINNASSA,1
MARETARIUM,1
JOUTUU,4
AVAAMAAN,3
OVENSA,3
YLEISLLE,3
ITMERIALLASTA,1
UUPERINRINTEET,1
OY,2
LAINALYHENNYKSEN,1
INVESTOINNIT,2
LYKKNTYNYT,1
KAUDEN,7
SYYNKYMEN,1
SANOMATTEKIJNOIKEUDET,2
VIESTINT,6
OYTORNATORINTIE,1
"3,",3
PL,4
"27,",1
48101,1
KOTKAPUH.,2
05,4
210,7
015VASTAAVA,4
HEIDI,2
"EKDAHLSISLTJOHTAJA,",1
EIPAIKALLISET,8
SISLLT,12
LAKKAASIAKASPALVELU@KYMENSANOMAT.FI,4
KYTTEHDOT,4
TIETOSUOJALAUSEKE,4
VIESTINTLNSISAVO,4
MEDIAT,5
ETELSAIMAA,4
ITSAVO,4
JUVAN,4
KAAKONKULMA,4
KANGASNIEMEN,4
KUNNALLISLEHTI,4
KESKILAAKSO,4
KOUVOLAN,40
SANOMAT,14
LUUMEN,4
LNSISAIMAAN,4
LNSISAVO,5
JOUTSENO,4
PITJNUUTISET,4
PURUVESI,4
UUTISVUOKSI,4
ES,4
KS,4
KESKIVIIKKOVASTUULLISTA,4
JOURNALISMIA,4
LNSISAVOLNSISAVOLAUANTAI,2
LUONTOHAVAINNOT,4
TORIKAMERA,2
PUHEENVUOROT,5
SANO,6
SISNSUOSITTELEMMELUKION,1
TANSSIEN,14
HOHTO,1
HIMMENE,1
TUNNELMAT,1
IHANAT,1
VUONNAOTSIKOISSAJUKURIEN,1
PELAAJAA,6
VAILLE,3
"KOOSSA,",1
NIMETTILAAJALLETILAAJALLEURHEILU1430PIEKSMEN,2
ESSI,4
HEISKASELLA,2
OLLUT,9
THTIN,4
KOHDALLAAN,2
URAN,3
ALKAEN,4
PIEKSMEN,6
HUIPPUURHEILUSYMPOUSISSA,3
PALKITUT,2
TAUSTAVOIMAT,2
MENESTYNEIT,2
MUISTETTIIN,1
LAUANTAINA,4
POLEENISSA.,5
ARJA,4
REINIKAINENAIHEET,1
AVAINJUTTULHELL1300MESTARIRAKENTAJAN,2
TEKEMLL,2
KATETULLA,2
PUUVENEELL,2
SOUDETAAN,2
KESLL,3
KPENHAMINASTA,2
HELSINKIIN,4
"FLYYGELI,",2
KEHUU,2
VENEEN,3
TILANNUT,3
JARI,4
SAARIO000,4
URHEILU1219KOVIA,1
KOHTAAVAT,2
KALEVANKANKAALLA,2
JUKUREILLA,3
SPORTILLA,2
NYTN,5
MURSKAJAISTEN,2
JLKEEN000,6
KOLUMNIT900MIKKELIN,2
MYHENTJ,3
MIKAELISTA,8
PLLE,7
SINISEN,6
UNEN,4
MAHTUMAAN,3
KAIKEN,4
KAUPUNGINVALTUUTETUISTA,5
PUUKIULUIHIN,3
NAPPASI,4
NELJ,5
HUUMAUSAINEIDEN,5
VLITTJ,8
TAKAVARIKKOON,4
SAATIIN,5
"AMFETAMIINIA,",4
EKSTAASITABLETTEJA,4
KOKAIINIA2.,4
"2FORTNITE,",3
JUKURIEN,5
"TYHJENNYSMYYNTI,",4
MIELENSPAHOITTAJA...,3
MIKKELIN,19
ABILAKANOISTA,6
NAURATTAA,4
ENITEN?,8
NEST,11
SUOSIKKIASI3.,3
325METRINEN,3
TERSALUS,3
UPOKSIIN,4
PUUMALAN,3
SATAMASSA4.,3
HENRI,3
VIST,11
RISTIINASSA,6
OHITUSKAISTALLA,3
"PAKETTIAUTOA,",6
OSUI,3
AUTOON,7
JOTA,6
OHITTAMASSA,3
TIETOJA,10
SEURASIVAT,5
KAUPPAKESKUS,4
STELLASSA,3
URHEILU1506SAVONIAN,2
NHTIIN,3
LOPPUSUORALLA,3
WALTTERI,4
VINKANHARJU,2
"1,2",5
SEKUNNILLA,4
MATIAS,2
HEINOSEN000,3
LHELL1259MNTYHARJULLA,2
JI,9
LHES,3
PROMILLEN,2
"RATTIJUOPPO,",2
VIRTASALMELLA,2
AUTOKOLARIIN,2
HIRVI000,6
ENNAKKOLUVUT,2
MAALAAVAT,2
VIELKIN,2
SYNKEMPI,2
VESTLUKUJA,2
TULEVAISUUDESSA,4
SAVON,4
RADAN,4
NOPEUTTAMINEN,4
PUOLELLA,5
AVAINTEKIJ,2
MUUTTOVIRTOJEN,2
LISMISEEN,2
"ETELSAVOSSA,",4
ARVIOI,6
ALUETUTKIJA,2
TIMO,4
TAKAA,10
PERNTYY,2
VUOKRATONTTIEN,2
KAUPPAKIISTASSA000,2
UPM,2
YHTEISMETSYHTEISMETSN,2
KOVINTA,2
ETUA,2
METSNOMISTAJILLE000UPM,2
HELPOINTA,2
METSSIJOITTAMISTA.,2
SIJOITUSTUOTTO,2
KESKIMRIN,2
45,2
PROSENTTIA,2
AMMATTILAISET,2
"HUOLEHTIVAT,",2
METS,2
MAHDOLLISELLA,5
TAVALLA.,5
TEHD,3
MIKSEI,1
HAUTAUSMAAN,2
VLIPOLKUJA,1
PITJNKIRKON,1
PUISTA,7
PUDONNEET,3
OKSAT000,1
LHELL1100TOMPAN,3
RATSAILLA,2
VUOSIKYMMENTEN,5
TUHANSIA,3
MIKKELILISI,5
SUNNUNTAINA,4
JUHLITAAN,2
RELANDERIN,2
PONITALLIN,2
PENKKAAN,4
VIHANTASALMENTIELL,2
MANTYHARJUSSA000,4
AVAINJUTTUTALOUS630MIKKELILISEN,1
PAJUSEN,1
TANELI,1
AIKOO,3
"KAMPITUKSET,",1
VALION,4
JOHDON,1
HN,5
VAIHTAISI,3
ITSUOMESSA,3
MAATALOUSTUOTANTO,1
VHENTYNYT,1
MAATA,1
VOIMAKKAAMMIN000,1
"SENTN,",1
PALJAAT,5
RINNAT,1
TOPLESSTARJOILIJAT,1
HKELLYTTIVT,1
RAVINTOLA,10
KIVIJALASSA,3
LAMAVUONNA,2
1992,2
TUODAAN,1
VANHAT,2
MUISTOT,1
NYKYAIKAAN,1
BURLESKIN,1
URHEILU034JANNE,1
TAVI,2
LOPPUKAUDEKSI,1
HPKHON,1
KALPAPELI,1
JUKURIPAIDASSA,1
MEHTL,2
"HITTO,",1
KERROTTAVAKSI000VANHAA,1
NUORTEN,4
"JUTTUJA,",1
SUKUPOLVIEN,3
KOKEMUKSIA.,1
NIIT,2
KSITTELEVT,3
KIINNOSTAVAT,8
PALJON.,1
URHEILU2236JARI,1
KETOMAA,1
RALLIN,3
AVAUSILTANA000,1
ESSOTEN,3
PITISI,5
YH,4
SST,13
"VANHUSPALVELUISTA,",1
JRJEST,5
LAADUKASTA,1
HOIVAA,2
"NHTY,",3
HOIVAYHTIIDEN,1
"SANAHELINIHIN,",1
OMAVALVONTAAN,1
LUOTTAA000,2
URHEILU2218KAMPPARIEN,1
RYSTRETKI,1
PTTYI,7
ONNISTUNEESTI,1
JNNITTV,1
TRILLERI,2
HELSINGISS,2
RATKESI,1
PUROVIRRAN,1
OSUMAAN,1
JATKOAJALLA000,1
URHEILU2154JUKURIT,1
ANTOI,2
HERRUUDEN,2
KUOPIOON,2
KALPA,2
NOUSI,3
72MURSKAVOITOLLA,2
TAISTELUUN,3
PUDOTUSPELIPAIKASTA000,2
HOVIOIKEUS,1
TUOMITSI,3
PERTUNMAALLA,1
TAPAHTUNEISTA,3
KIRJANPITORIKOKSISTA,1
RIKOKSET,1
LIITTYIVT,2
KONEIDEN,2
HANKKIMISEEN,1
ULKOMAILTA000,1
AVAINJUTTULHELL1800EHDOKASHAASTATTELU,1
AILA,2
SITOVAN,1
HOITAJAMITOITUKSEN,1
YKSILLL,1
VASTUUNSA,3
LHELL1702JOS,1
MAISTU...,4
LUKIO,8
KIRKKAASTI,3
VOITON,4
NESTYKSESS000,3
AVAINJUTTUKOTI1600PUUSAUNAN,1
LMMITTVT,1
ILMAKEH,1
SHKKIUAS,1
KODIN,2
KULUTTAVIA,5
SHKLAITTEITA,1
MEILL,5
SAUNOAKAAN?000,1
LHELL1547POLIISI,1
6TORSTAINA,3
KARKIT,6
LENTELEVT,2
PERJANTAINA,8
AIKATAULUT,3
SEUDULLA7.,2
TANSSITTIIN,3
"POLONEESI,",2
JUVALLA,2
HULLUTELTIIN,2
ABISHOWSSA,2
PENKKAREISTA8.,7
HARJOITELTU,3
"PITKN,",5
"MENI,",2
KERTOO,6
KATRIINA,3
HURRI,2
KUUKAUSIEN,3
TYN,13
"KATSO,",2
VALLOITTIVAT,2
JHALLIN9.,2
9JOS,2
TALOHOITO,2
MYYTY,2
KIINTEISTHOITOALAN,2
TYTRYHTINYT,2
1800KOHTI,1
EDUSKUNTAVAALEJA,1
EHDOKKAISSA,1
EROJATIMO,1
LAITAKARILUE,1
TYTRYHTIUUSIMMAT,1
1219KOVIA,1
TRMVT,2
POIKKEAVAT,2
MAAILMANKATSOMUKSET,1
PKIRJOITUS,4
"HOITAJAT,",5
RAHAT?,1
ARO,4
UUSIA,12
POLTTOTURVELUPIAYMPRISTNSUOJELU,1
ENERGIANTUOTANTO,1
"VASTAKKAIN,",1
PTTJT,2
POHTIVAT,1
TURPEENPOLTOSTA,1
KENELLE,4
MYYMME,1
IKIHMISEMME,1
HINNALLA?,1
PUOLUSTAJA,1
KRJESS,1
"LEVEYTT,",1
TERVYYTT,2
ESEDU,1
SOVELTUVUUSKOKEET,1
SOTEALALLA,1
VOIDAAN,3
VALITSEMATTA,1
"KOULUUN,",4
SELKESTI,3
SOVELTUMATON,1
ALALLE,4
ARJEN,3
TURVAAJA,2
OSUUSKAUPPA,1
SUURSAVO,1
LUNASTAMAAN,1
TYTERVEYDEN,1
"OSAKKEET,",1
HEIKKI,1
HMLINEN,2
HYV,10
KUMPPANI,1
"HARMI,",1
TSTKIN,1
KEKSITTIIN,1
VALITTAALNSISAVOTEKIJNOIKEUDET,1
OYTEOLLISUUSKATU,1
"26,",5
6,6
50101,4
MIKKELIPUH.,1
"LAITAKARISISLTJOHTAJA,",1
LYHYET,4
SISNPUHEENAIHESAVONLINNALAINEN,1
ESKO,4
SAI,7
SUURIJRVEST,4
TANSSEJATILAAJALLETILAAJALLELHELL1200RAVINTOLA,1
MAJAKKA,6
PALVELLUT,5
MONIA,3
SAVONLINNAN,32
MATKUSTAJASATAMASSA,2
RUOKALISTALLA,2
1960LUVULLA,2
MUNAKKAITA,2
"LIHALIENTKIN,",2
KAHDESTA,11
RUOKAANNOKSESTA,2
AJAKSI,3
HITTEJ,2
YHTEN,5
JUHLAVUOTENSA,2
OHJELMANUMERONA,1
ASIAKASMUISTOJA.,1
HELMIKUUSSA,4
AVATTU,3
2018,3
MYYNNISSN,2
TULOKSEN.RISTO,1
LEPPNENAIHEET,1
50,4
VUOTTA,10
VIIHDE1000VANHUSNYTELMST,2
TULIKIN,3
NYTELMN,2
HOITOKOTIHELVETIST,2
LIIANKIN,2
AJANKOHTAINEN000,2
AVAINJUTTULHELL800ELINLKRIPULA,4
HELPOTTUU,2
SULJETUN,24
KLINIKAN,2
TYNTEKIJT,2
PERUSTAVAT,2
UUDEN,5
ASIAKKAILTA,4
SAADUN,2
PALAUTTEEN,3
PERUSTEELLA,4
PAKOTTAVA,2
"TUNNE,",2
KRSIMSS.,2
KYSELIVT,2
MINNE,2
"MENNN,",2
TLL,4
15.2.20192.,10
2MIES,5
YRITTI,7
RYST,3
MYYJ,4
HLYTT,3
APUA,4
YRITYKSEKSI3.,4
4YTNEUVOTTELUT,7
LOMAUTTAVANSA,4
KOLMEKSI,5
VIIKOKSI,5
SANOVANSA,4
IRTI,4
40,7
VAPAAEHTOISET,4
TULOSTA5.,7
5AVAINJUTTUPLUOTTAMUSMIES,4
YTESITYKSEST,4
OLIHAN,4
KIITOSNYT,1
URHEILU1449NYT,1
SAPKOKASVATTI,2
TONI,4
HENTTONEN,2
DEBYTOI,2
ILVESPAIDASSA,2
HAKAMETSSS,2
NHDN,2
TNN,7
PSSIPAIDASSA,2
MESTISMESTARUUTTA,2
TERVEYDENHUOLLON,1
PULKKINEN,1
JRKYTTYI,1
SOSTERIN,3
KUNTOUTUSOSASTOLLA,1
NKEMSTN,1
KOHTELUSTA000,1
LHELL1304NAINEN,2
NOLLAN,3
KRHTI,2
HUUMEISTA,2
NTKILL000,3
VIIHDE1300NAAMIAISASU,2
LASTEN,3
TALVIKARNEVAALEJA000,2
BLCBLCN,1
VALOKUITUYHTEYS,3
PITKIKINEN,5
KIINTEISTSI,2
UUTTA,1
KYSYNNN,1
"MUKAAN000SHK,",1
"VESI,",2
VIEMRI,1
PERUSINFRAN,1
TUKIPYLVST.,1
HOUKUTTELEVUUS,2
ASUNTOMARKKINOILLA,1
LISNTYY,1
"ROIMASTI,",4
TANSSEISSA,1
"SAVONLINNASALISSA,",6
HERRAT,1
HELPOMMALLA,1
PUVUN,1
SIIN000,2
URHEILU1246UUSI,1
"PELI,",2
PELIITATTAPPIOSTA,2
HUOLIMATTA,4
SAPKOSSA,2
PAINETTU,2
PANIIKKINAPPULAA,2
VIE000,1
LYHYET715LUKIJAN,2
TYPAJA,2
TELAKKA.,2
LOISTAVA,4
TANSSIRYHM,2
HUIPPU,2
BNDI.,2
ONNEA,3
JATKOSSAKIN.,3
AVAINJUTTUURHEILUVIEL,2
LASSE,1
VUODEPOTILAS,1
AIVOINFARKTIN,1
POSITIIVINEN,1
ASENNE,1
NOSTANEET,1
KOHTAUS,1
VOINUT,1
"PYRTUOLIIN,",1
IKIN,1
"AJATUSTA,",1
MINULLE,2
KVISI,3
URHEILU2108HALUTTOMASTA,1
PSSILAUMASTA,1
PELIITTOJA,1
TOISESSA,2
LAMAUTTI,1
SAPKON000,1
LHELL2049OMAKOTITALO,3
TUHOUTUI,3
SULKAVALLA,3
SYTTYMISSYYST,3
VIIHDESEITSEMN,1
VEITSENTERLL,2
MENETYS,5
KULTTUURIELMLLE000,2
ITSEST,1
KIINNI?000,1
AVAINJUTTUURHEILU1938PARIKKALALAISLHTINEN,1
KILPAKVELIJ,1
TIIA,3
KUIKKA,3
LMPENE,1
KISAMATKOJEN,1
LYHENTMISELLE,1
LAJEJA,1
"UUDISTAA,",1
LUULISI,1
TAKAAAJOKILPAILUN,1
KATSOJILLE,1
PUHEENVUOROT1800PUHEENVUORO,1
HENGILT?000,1
HYKKYSK,3
SUURIN,10
VONKALE,3
TALVENA,4
13,3
860,3
GRAMMAA,3
PAINAVAN,4
HAUEN000,1
AVAINJUTTUKOTIMAA1600APULAISPROFESSORI,1
DAVID,2
BOWIE,1
NIMENS,1
KIUSATUKSI,1
SAANUT,2
FANIPOSTIA,1
MILLAISTA,4
KUULUISAN,1
KAIMA,1
KY,4
NIMENI000,1
VIIHDE1532LAUANTAIILLAN,1
HUUMAA,1
KULTTUURIKELLARISSA,1
ISKELM,1
RAUTALANKAA,1
JAZZMAUSTEILLA,1
GOURMET000,1
KIITOS6.,3
6AVAINJUTTUSEITSEMN,3
KUORMAAUTOLLISTA,2
"ABEJA,",2
KILOKAUPALLA,2
KADUNVIERET,2
ETSII,7
KADONNUTTA,3
EDELLISEN,2
HUIKKO,2
HAUENNYT,1
900LAUNO,1
PIVTIE,2
KOLUMNISSAAN,1
JOHTAMISKULTTUURISSA,1
KAIKUJA,1
POHJOISKOREASTALAUNO,1
930LUONTOKOLUMNI,1
TALVIRUOKINNAN,1
USKOISI,1
"RAKETTITIEDETT,",1
KYLLP,3
OLEVANPEKKA,1
MKINENLUE,1
HAUENUUSIMMAT,1
1449NYT,1
"1400ANTEEKSI,",2
1246UUSI,1
1200AVAINJUTTURAVINTOLA,1
KETN,2
AVAINJUTTUSIVISTYSVIRASTON,1
VIRKAMIEHET,3
TYSUOJELUILMOITUKSEN,1
SIVISTYSLAUTAKUNNAN,1
PUHEENJOHTAJASTA,3
TYNKKYSEST,21
MIELEST,4
KAUPUNGINJOHTAJA,4
JANNE,1
LAINE,1
ESIMERKIKSI,6
ASKON,1
MYYML,2
SIVISTYSTOIMEN,1
TYSUOJELUASIA,2
SELVITETN,3
TYRYHMSS,1
KAUPUNGINHALLITUS,5
"SINNS,",1
SISISESTI,1
SELVITETTVKSI,2
TULEVALLE,2
TOIMINNALLE,1
PELISNNT,1
PUOLUSTUS,1
VOIMANOSTOA,1
HARRASTAVA,1
ELINKAUTISVANKI,1
LAURI,1
JOHANSSON,1
KILPAILI,1
SMMITALI,1
MIETITN,3
1.5.,2
LUOKKIEN,1
KOULUA,2
25,1
SOPIMUKSELLA,1
VALTUUSTON,5
PTKSENITSAVOTEKIJNOIKEUDET,1
OYOLAVINKATU,1
"60,",1
JAANA,2
"RAUTIOTEIJONMAASISLTJOHTAJA,",1
AVAINSANA,1
TWITTERISS,13
"HAVAITSIMME,",1
JAVASCRIPT,1
SELAIMESSASI.,2
HALUAISITKO,1
SIIRRY,4
SIVU.,1
HAKULAUSEKE,1
TALLENNETUT,2
KESKUSTELUSSA,8
VARMENNETTU,7
TILISUOJATUT,6
TWIITIT@,7
EHDOTETUT,2
KYTTJT,5
BAHASA,4
INDONESIA,5
MELAYU,2
CATAL,2
ETINA,2
DANSK,3
DEUTSCH,3
ENGLISH,6
UK,2
ESPAOL,3
FILIPINO,2
FRANAIS,3
HRVATSKI,2
ITALIANO,5
MAGYAR,3
NEDERLANDS,3
NORSK,3
POLSKI,4
PORTUGUS,3
ROMN,4
SLOVENINA,4
TING,3
TRKE,5
SINULLA,9
TILI?,4
UNOHDITKO,2
SALASANASI?,2
REKISTERIDY,7
KYTTMLL,4
HYVKSYT,3
EVSTEIDEN,4
KYTN.,3
TOIMIMME,1
YHTEISTYKUMPPANEIDEMME,1
KANSAINVLISESTI,2
KYTMME,1
MUUN,5
"TILASTOIHIN,",1
MUKAUTTAMISEEN,4
MAINOKSIIN.,1
SUOSITUT,1
VIIMEISIMMT,2
LHETYKSET,2
HAKUSUODATTIMET,1
SEURAAMASI,2
MISS,1
JAPANI,1
ARABIA,1
ESPANJA,1
AMHARA,1
ARMENIA,1
BENGALI,1
BULGARIA,1
BURMA,1
DIVEHI,2
GEORGIA,1
GUDARATI,1
HAITI,3
CREOLE,1
HEPREA,1
HOLLANTI,2
ISLANTI,2
SLENSKA,4
KANNADA,2
KHMER,3
KOREA,1
LAO,1
LATVIA,2
LIETTUA,1
LIETUVI,1
MALAJALAM,1
MARATHI,1
NEPALI,1
NORJA,2
PANDABI,1
PATU,1
PERSIA,1
PORTUGALI,1
RANSKA,2
ROMANIA,1
SERBIA,1
SINDHI,1
SINHALA,1
SORANI,2
TAGALOG,2
TAMILI,1
TELUGU,1
TIIBET,1
UIGUURI,1
UNKARI,1
URDU,1
VENJ,1
VIETNAM,1
VIRO,1
LAATUSUODATUS,2
HAKU,2
SAADAKSESI,2
MUKAUTETUN,1
AIKAJANAN,8
FALSE,1
OHJEKESKUS,1
EHDOT,1
YKSITYISYYSKYTNT,2
MAINOSTEN,3
TIEDOT,2
HAKUTULOKSET,2
PYY@PEPYYLA,1
HELMIK.,9
KOPIOI,42
LINKKI,41
TWIITTIIN,95
UPOTA,41
PURETTIIN,2
1974,2
YLL.,1
SALAA?,1
OLIKO,1
@KOTKANKAUPUNKI,2
2,8
UUDELLEENTWIITTAUSTA,61
1,28
TYKK,21
TYKTTY,20
3.,12
4.,10
MERTANEN@TMERTANEN,1
VASTAUKSENA,18
@ANNEBERNER,1
RATA,5
UUDELTAMAALTA,2
VAIKUTTAVAMPI,1
#RANTARATA,1
MAAN,5
#KOTKAHAMINASATAMA,1
LOGISTIIKKAKESKUKSEN,1
3,19
4,18
5.,12
6.,8
7.,8
SIRPA,1
PAATERO@SIRPAPAATERO,1
TAMMIK.,10
KUKOURI,1
VOITTI,9
MOBIILIPELIALAN,1
OSCARIN,1
LONTOOSSA,1
KOTKALAISFIRMA,1
VALITTIIN,1
INDIEPELINKEHITTJKSI,1
LISBUUSTIA,1
USKOTTAVUUTTA,1
KIMIN,1
PORUKKA,1
HTTPSKYMENSANOMAT.FIUUTISETLAHELLA8B290355A35441EEA0E09D462CAC9047,1
8.,11
9.,8
PYRLIITTO@PYORALIITTO,1
HUONOJA,2
#KOTKASTA.,5
UPEASTI,1
TOIMIVA,2
#PYRPAJA,2
"TILAN,",1
HAKEE,2
"LMMITYS,",2
SHKKUSTANNUKSISSA.,1
TOIVOTTAVASTI,1
"TT,",2
@YLEKOTKAHTTPSYLE.FIUUTISET310608884?FBCLIDIWAR0DTS7G1XMJRQPWLEWT7ROCG03SPDHWUT1AZLW8E5AKFO6I9RUKRWE,1
16,4
GEO@RUTTOKOIRA,1
HOI,1
ETENKIN,3
LHIALUEET,1
JUONTAVATKO,1
SUKUJUURESI,1
SUOMENLAHDEN,2
"ULKOSAARILLE,",1
TUTTAVAPIIRISSSI,1
SAARELAISIA,1
JLKIPOLVEA?,1
LAVANSAARISEURA,2
EVAKKOAJAN,1
JLKEISEST,2
ASUTUKSESTA,1
MYHEMP,1
TUTKIMUSKYTT,1
VARTEN.,1
KETJU,4
ERNA,3
GRONOW@ERNAGRONOW,1
@DIDDEOB,1
@KJUJULA,1
KAUPUNKIKEHITYS,1
SAAPUU,2
PORVOOSEEN.,1
KALLIIMPAA,1
HANKALAMPAA,1
PYSKID.,1
HELPOMPI,1
JD,1
OSTOKSILLE,1
LOVIISAAN.,1
ITN,1
"ASIOIMAAN,",2
TLT,3
PORVOOTA,2
MAKSUTTOMIA,1
PAIKKOJA,3
HLSNINGAR,1
FRN,1
SEPPO,1
KNUUTTILA@KNUUTTILAS,1
"UUTISOITU,",1
SY,2
LIIKAA,2
#LIHAA.,1
KUVASSA,7
TROOLATTUA,1
#SILAKKAA.,1
HERKKU,1
VERTAA,7
KUITENKAAN,1
1980LUVUN,2
90,2
%.,1
@SYKEINFOPIC.TWITTER.COM5RRWJ3J23W,1
35,3
226,3
JARKKO,1
SIPILA@SIPILAMTV3,1
POIKKEUKSELLINEN,1
VAINOAMISTAPAUS.,1
"LHESTYMISKIELLOT,",1
"PIDTYKSET,",1
VANGITSEMISET,1
TEHONNEET,2
#VAINOAMINEN,2
JATKUI.,2
HTTPSWWW.MTVUUTISET.FIARTIKKELIVAINOOJAPIINASINAISTAPIDATYKSISTAVANGITSEMISISTAJATUOMIOISTAHUOLIMATTAJAKSATKOSATATALOPPUELAMAN7246452#GS.QRP0DGUG,1
JENNI,1
RUOKONEN@RUOKOJENNI,1
#VAALITENTTIMME,1
HIENOSTI,2
"KIINNOSTUSTA,",1
SAIMME,1
30.1.,1
PANEELIIN,1
@MIELONENJOONA,1
TERVETULOA,3
JOONA,2
"KUULIJAT,",1
PISTETN,1
#VAALIT2019HTTPSEK.FITAPAHTUMATEKFOORUMILAPPEENRANNASSA3012019,1
5,5
RIITTA,3
HYPPNEN@RIITTAHYPPANEN,2
MEGAMAANANTAI.,1
#TYELMTILAISUUKSILLA.,1
"SYNTYYKN,",1
INTOHIMOA,1
PALOA,1
#KASVUUN,1
UUDISTUMISEEN?,1
PUHUMME.HTTPSKYMENLAAKSONYT.FIE9071RAKKAUSKASVUUNJAUUDISTUMISEEN,1
ALKO,2
OY@ALKOOY,1
SUTELAN,1
REMONTTI,3
UUDISTETTUNA,1
ERIKOISMYYMLN.,1
#ALKOFIVERKKOKAUPAN,1
NOUTOPISTEEN.,1
#ALKOPALVELEE,1
HTTPSWWW.ALKO.FIALKOOYUUTISHUONEAJANKOHTAISTAKOTKANSUTELANPRISMANALKOUUDISTUUERIKOISMYYMALAKS,1
HANNAKAISA,2
LHDE@HANNAKAISALAHDE,1
VIHREITTEN,2
KEKKOSEN,1
VAIMO...,1
WTF?,1
TIKKANEN@SAMITIKKANEN,2
@EKAMIFI,3
PARHAIMMAT,1
ONNITTELUT,2
@OMNIASOMEN,1
KOKKIKILTOJEN,2
OPETTAJILLE,2
OLETTE,1
MAHTAVAA,1
#UUSIAMIS,1
#AMMATILLINENKOULUTUS,1
#TYELMYHTEISTY,1
#ESPOO,1
KOULUTUSYHTYM,1
TOIMINNASTAAN,1
#LAATUSERTIFIKAATTI.,1
MRTIETOISTA,1
"JOHTAMISTA,",2
SYSTEMAATTISTA,1
KEHITTMIST,2
SITOUTUMISTA.,1
&,3
CO.HTTPSWWW.EKAMI.FIAJANKOHTAISTAEKAMILLEMYONNETTIINISO90012015LAATUSERTIFIKAATTI,1
MIETTINEN@FOOTIEMADVILLE,1
TOLSA,2
AREENAN,4
TEKONURMEN,1
TALVIKAUDELLA,1
PTETTVKSI,1
76,1
SEUROJEN,3
VETOOMUKSESTA.,1
#JALKAPALLO,2
#OLOSUHTEET,1
#LIIKUNTA,1
#JUNNUFUTISPIC.TWITTER.COMURKEYINL0B,1
9,3
VIRTANEN@ARIVIRTANENHKI,1
"OLOSUHTEISIIN,",1
KYTET.,1
JALKAPALLOKAUPUNKI,1
TALVIKUNNOSSAPIDOSTA,1
SSTPTKSEST,1
KRSIVT,1
"LAPSET,",2
JUNIORIPELAAJAT,1
HTTPSWWW.HS.FIURHEILUART2000005990799.HTML,1
@KTPKOTKA,1
18,7
49,3
LINDSTRM@DJLINDSTROM,1
JOULUK.,1
TRKEYDEST,2
@CURSOROY,1
#KOUVOLAHTTPSKYMENSANOMAT.FIMIELIPIDELUKIJALTAA66FB0C1EC394DB298FBC3B93ACA622A,1
23,4
KOSONEN@MIIAKOSONEN,1
MUISTUTUKSENA,1
#XAMK,1
KAMPUS,1
PIDMME,1
SIELT,1
HAUSKIMMASTA,1
AKTIVOINTIA,1
HYDYLLISI,1
NIKSEJ.,1
VINKKAA,1
KOLLEGALLE,1
LIIKENNETILANNE@LIIKENNETILANNE,2
"15,",3
LIIKENNETIEDOTE,2
ONNETTOMUUDESTA.,2
YLNUMMI.,1
13.02.,1
KLO,3
2257,1
0106.,1
#TRAFFICFINLAND,2
HTTPLIIKENNETILANNE.TMFG.FI?SNMID50356295&VIEWDISORDERVIEW,2
TOISTAISEKSI.,1
YLS,2
LATAAMINEN,1
HETKEN.,2
RUUHKAUTUNUT,1
HETKELLINEN.,1
TILASIVULLA,1
SUOSITTUJEN,1
PUHEENAIHEIDEN,1
SIJAINTI,3
HYLK,1
PROFIILIIN,2
PERUUTA,1
ILMOITTAEN,1
TARKEMMAN,2
KOLMANNEN,9
SOVELLUSTEN,2
HALUTESSASI,1
SIJAINTIHISTORIAN,1
MYHEMMIN.,1
100,1
"MERKKI,",1
URLOSOITE.,1
JAETTAVAKSI,1
YSTVILLESI.,1
EMBED,1
THIS,1
VERKKOSIVUSTOLLESI,3
KOPIOIMALLA,2
OLEVA,4
KOODI.,3
"HMM,",1
PALVELINYHTEYDESS,1
UUDELLEEN?,1
ALKUPERINEN,2
UPOTTAMALLA,1
KEHITTJSOPIMUKSEN,1
KEHITTJKYTNNN.,1
ESIKATSELU,1
EIK,6
ETK,1
VIRITTYDY,1
VASTAANOTA,2
PIVITYKSI,4
KAKSISUUNTAISET,1
LYHYTNUMEROT,2
40404,3
21212,1
YHDISTYNYT,1
KUNINGASKUNTA,1
86444,1
"VODAFONE,",3
"ORANGE,",1
O2,2
BRASILIA,1
"NEXTEL,",1
"DIGICEL,",1
VOILA,1
INTIA,1
BHARTI,1
"AIRTEL,",1
"VIDEOCON,",1
RELIANCE,1
89887,1
"AXIS,",1
"TELKOMSEL,",1
"INDOSAT,",1
XL,1
AXIATA,1
4880804,1
WIND,1
3424486444,1
MUIDEN,2
TEKSTIVIESTEILLE,1
VAHVISTUS,1
OHITA,1
KOTIIN,2
AJASTASI,1
ASIOISTA.,2
OSOITIN,1
NAPSAUTA,3
SEURATAANPAINIKETTA,1
LOPETTAAKSESI,2
SEURAAMISEN.,1
TEOLLA,3
"RAKASTAT,",2
SYDNT,1
KIRJOITTANEELLE,1
HENKILLLE,4
JAKAVASI,1
NOPEIN,2
JONKUN,1
SEURAAJILLESI,1
KUVAKETTA,1
HETI.,1
LIITY,2
VASTAAMALLA.,1
HYPP,2
PUHUVAT,1
"SIT,",3
TILEJ,1
NHDKSESI,1
AIHEESEEN,1
VLITTMSTI.,1
L,1
TARINOISTA,1
NIIDEN,2
FACEBOOK,3
SELAIMESIFACEBOOK,1
KYTTMSI,1
SELAINTA.JOS,1
HALUAT,2
"KYTTKOKEMUKSEN,",1
JOHONKIN,1
SEURAAVISTA,1
SIVUSTOISTA,1
SELAIMEN,1
VERSIOGOOGLE,1
CHROMESSAMOZILLA,1
FIREFOXHAE,1
PUHELIMEESIPYSY,1
YHTEYKSISS,1
YLE,7
YLE.FI,2
S,3
ELV,2
RADIOOPAS,1
TVOPAS,1
KATSELE,1
OPPIMINEN,3
NOVOSTI,2
SPMI,2
YLETUNNUS,1
TUOREIMMAT,2
ULKOMAAT,2
POLITIIKKA,2
TERVEYS,2
BLOGIT,2
LISETUSIVUTUOREIMMATURHEILUSKOTIMAAULKOMAATTALOUSPOLITIIKKAKULTTUURIKOLUMNITLUONTOTIEDETERVEYSVIIHDELIIKENNEBLOGITUUTISET,1
VIITTOMAKIELELLUUTISET,2
SELKOSUOMEKSINEWS,2
ENGLISHNOVOSTI,1
YLESVENSKA,2
YLEYLE,1
SPMIYLE,1
UUDIZET,2
KARJALAKSEYLE,2
UUTISLUOKKAATEEMAAAMUTVASTUDIOPERJANTAIPUOLI,1
SEITSEMNTEKSTITVRSSSYTTEETYHTEYSTIEDOT,1
UUTISLUOKKA,1
AAMUTV,1
ASTUDIO,1
SEITSEMN,1
RSSSYTTEET,1
YHTEYSTIEDOTKYMENLAAKSO,1
TUOREIMMATSEITSEMN,1
VAROITUSTA,4
METEOROLOGIT,1
KAIPAAVAT,1
HAVAINTOJA,2
LIUKKAUDESTAHIEKOITUSHIEKAT,1
SULANEET,1
JN,1
JINEN,1
LIUKAS.S15.2.KUUSANKOSKEN,1
UIMAHALLI,6
BAKTEERILYDN,1
ALTAASTA,2
OTETUSTA,1
NYTTEEST,1
RUTIINITARKASTUKSEN,1
PSEUDOMONASBAKTEERIA.UIMAHALLIT15.2.KONDUKTRIT,1
STRESSAANTUIVAT,1
MYHSTELYST,1
MEIHIN,1
STRESSI,1
PURKAUTUU,1
KAUKOJUNISTA,1
"TAMMIKUUSSA,",1
VAIKEUDET,1
JATKUNEET,3
HELMIKUULLE.KONDUKTRIT15.2.KOUVOLAN,1
KORJAUSKEINOIKSI,1
VLYTETN,1
TUNTUVAA,1
VERONKOROTUSTA,1
YTNEUVOTTELUJAVIIME,1
ALIJMN,1
MILJOONAA,6
"EUROA,",6
PERTI,5
14,2
MARRASKUUSSA,4
ARVIOITIIN.KOUVOLA14.2.LAPSIA,1
TYIKISET,1
VKI,1
ENNUSTETTUA,1
JYRKEMMINITSUOMESTA,1
MAAKUNNAN,3
VKILUVUN,1
VERRAN,2
ASUKKAITA.VESTNLASKENTA13.2.LUOTTAMUSMIEHET,1
MR,3
HIERT,1
UUDESSA,2
SOTEKUNTAYHTYMSSMAAKUNNAN,1
SISINEN,1
VASTAKKAINASETTELU,1
JLLEEN,3
KYMENLAAKSO13.2.17VUOTIAS,1
KOUVOLASSAPOLIISIN,1
KADONNEEKSI,1
VIIKKOA,2
SITTEN.KADONNUT,1
HENKIL13.2.POMO,1
NIMITTELI,1
"IDIOOTIKSI,",1
PUHUI,1
AMPUMISESTA,3
MUUTTI,2
TYTEHTVI,3
MERKITTVSTI,3
TULIAUTOTARVIKKEITA,1
MYYNEEN,1
YRITYKSEN,5
SYRJI,1
TAVOIN.TYPAIKKAKIUSAAMINEN12.2.TEHDASHALLIN,1
USEITA,3
AUTOJAROMAHTANEEN,1
JLJILT,1
LUNTA.SORTUMISONNETTOMUUDET11.2.KOTKAN,1
MILJOONASSTIST,1
POISTI,3
SSTLISTALTA,3
VUONNA.KOTKA11.2.NUORIPARI,1
MATKANSA,1
MAAILMAN,1
YMPRI,2
SYNTYI,1
"VAUVA,",1
ARKENSA,1
YOUTUBESSAIKILOMALLAKANAVAN,1
HALLORAN,1
PTTIVT,1
YOUTUBESEURAAJANSA,1
MUKANAAN,1
SYNNYTYSSALIIN.YOUTUBE9.2.KUNTAYHTYM,1
VALVONTAYKSIKN,2
TARKASTAMAAN,1
HOIVAKOTEJA,4
ENSIMMISELL,6
YLLTYSKYNNILLTMN,1
ESPERI,4
MEHILISEN,2
HOIVAKODISSA.LAITOSHUOLTO8.2.LIIKEMIES,1
SAWYER,1
KANTASATAMAN,1
HOTELLIOPERAATTORIN,1
RAKENTAMISTA,2
PIDETTY,1
"RATKAISEVANA,",1
KAAVAILTU,2
TAPAHTUMAKESKUS,1
TOTEUTUISI.HOTELLIT7.2.KAKSI,1
HIRIKI,1
15VUOTIASTA,6
PIHALLA,1
MRSI,1
OPPILAAT,1
LUKITSI,1
OVETHUMALAISET,1
KARHUVUOREN,1
LHISTLT.KOULUT5.2.ROTTASOTA,1
PULSKAT,1
RYHKET,1
ROTAT,1
KUNNOSSA,1
NYTTVT,1
LIIKKUVANROTTIA,1
HVITETTY,1
VIEMRIVERKOSTOSTA,1
JAHTI,1
TULOSTA.ROTTA,1
LAJI5.2.10VUOTIAS,1
LUKA,1
VILJAKAINEN,1
BALETTIA,2
"VLIT,",1
MONILLE,3
VANHEMMILLE,1
BALETTIHARRASTUS,1
MRKVAIKKA,1
"URHEILULAJEISSA,",1
"KORIPALLOSSA,",1
BALETTITUNNEILLA,1
PASIASSA,2
TYTTJ.BALETTI3.2.KEISARIKUNTAELOKUVAN,1
MUISTOKIVI,1
PALJASTETTIIN,1
ENTISAJAN,1
LEGENDAT,1
NYKYMUUSIKOTMUISTOKIVEN,1
"PIVLLE,",1
KEISARIKUNTAELOKUVAN,1
OHJANNUT,1
MANDART,1
70,1
VUOTTA.KEISARIKUNTA,1
ELOKUVA1.2.PAPERIKAUPPIAS,1
SUUNNITTELI,5
"ERIKOISEN,",1
MUISTUTTAVAN,1
TEHDASHALLIN,1
PURKAAKEMIRA,1
CHEMICALS,1
"PAHVIKUIVAAMOSTA,",1
SIJAITSEE,1
HISTORIALLISESTI,2
TEHDASALUEELTA,1
KOUVOLASSA.METS,1
PAPERITEOLLISUUS31.1.YKSI,1
LIIKENNEONNETTOMUUDESSA,1
KOUVOLASSAONNETTOMUUS,1
SATTUI,3
ILTAPIVLL,2
SILLALLA.TIELIIKENNEKUOLEMAT31.1.KOTKAN,1
MUUTOKSIA,1
TEATTERIN,1
LEIKKAUSTA,1
PIENENNETTIIN,1
SATAMAKADUN,1
HARRASTUSTOIMINTA,1
JATKUAKAUPUNGINTEATTERIN,1
VUONNA.KOTKA31.1.IDEA,1
ELOKUVATEATTERISTA,2
HALLINTOOIKEUS,1
TALOYHTIN,1
VALITUSTAYRITTJ,1
OSAKSI,1
PASAATIA.ELOKUVATEATTERIT,1
ELOKUVIEN,1
ESITTMINEN30.1.DROONI,1
AUTTOI,1
SAMMUTTAMISESSA,2
ROBOTTIHELIKOPTERIT,2
PELASTUSLAITOKSELLAMIEHITTMTTMIST,1
ILMAALUKSISTA,1
SAMMUTUSTIDEN,1
ONNETTOMUUDET29.1.YLEN,1
SELVITYS,5
RAVITSEMUS,1
RETUPERLL,1
HOIVAKODISSA,2
LETKURUOKINNASSA,1
TUNTIINMEHILISEN,1
"NAURESKELI,",1
HENKILKUNTA,3
ONGELMISTA.VANHUSTENHOITO29.1.YLEN,1
HOIVAJTTI,1
"ALIRAVITTUJA,",1
ULKOILUA,1
LIKAISISSA,3
VAIPOISSA,1
NUKKUMAANVALVONTAVIRANOMAISEN,1
ASIAKIRJOJEN,1
OSASSA,1
ATTENDON,1
VUOSIKAUSIA.VANHUSTENHOITO29.1.AAMUN,1
AJOKELI,2
PYRYTT,2
LISERITTIN,2
VOIMASSA,1
"KANTAHMEESS,",1
"PIJTHMEESS,",1
ETELKARJALASSA,2
LIIKENNES29.1.KYMENLAAKSON,1
KESKUSSAIRAALAN,5
TORNIOSALLE,1
HAKEMASSA,1
PURKULUPAAPURKULUVAN,1
"SILL,",3
PERUSKORJAUS,1
UUDISRAKENTAMINEN.,1
SNGYST,1
JTETTY,1
"LATTIALLE,",1
VLILL,2
HOITAJAAVALVONTAVIRANOMAINEN,1
EDELLYTTNYT,1
EPKOHTIEN,1
KORJAAMISTA,3
HOIVAKODISSA.VANHUSTENHOITO28.1.MOOTTORIKELKKAILIJA,1
UPPOSI,1
JRVEEN,1
PELASTAUTUI,1
JLAUTALLE,1
IITISS,1
HELIKOPTERILLAMIES,1
"KYLMETTYNYT,",1
PYSTYI,1
OPERAATION,1
KOMMUNIKOIMAAN,1
PELASTUSLAITOKSEN,3
PUHELIMELLA.PELASTUSTOIMINTA26.1.TULIPALO,1
TURMELI,1
TEOLLISUUSHALLIA,2
PALOMIEHET,1
TUHONPALOA,1
30,1
PALOMIEST.TULIPALOT26.1.ALAIKISTEN,1
TEKEMIEN,3
LASKI,1
KOTKASSA.LAPPEENRANTA25.1.MOOTTORITIE,1
IDEA,1
MAALIIN,1
KERRANYLI,1
HALKOVA,1
KANJONI,1
JOUTAISI,2
MONEN,1
PIILOONMOOTTORITIET25.1.KOTKAMILLS,1
LAMINAATTIPAPERIKONEEN,1
HANKKIMISTAPAPERIKONEINVESTOINTI,1
VUOTEEN.KOTKA25.1.AMBULANSSI,1
KATON,4
SYNNYTYSOSASTON,1
PERHEHUONEISTA,1
NKEE,1
ETENEE,2
AIKATAULUSSAKYMENLAAKSON,1
LAAJENNUSOSAN,1
KOTKASSA.KESKUSSAIRAALAT24.1.JUNAVUOROJEN,1
PSI,3
KOKEILUUNESIMERKIKSI,1
ETELPOHJANMAAN,1
PIRKANMAAN,1
JATKOVALMISTELUUN.RAUTATIELIIKENNE23.1.KOTKASSA,1
TUHKAROKOLLE,1
ALTISTUNEITA,1
POTILAITA,1
TIEDOSSATUHKAROKKOON,1
SAIRASTUNUT,1
YKSITYISELL,1
LKRIASEMALLA,1
PIVYSTYKSESS.TUHKAROKKO23.1.NUORET,1
KOULUAAMUJEN,1
ARVOINEN,1
NUORISOVALTUUSTO,1
MYHENTMINEN,1
KOULUPIVIEN,1
RAKENTEESEEN,1
KOULUKYYTEIHIN.MURROSIKISET23.1.KOTKAN,1
TEHTVNS,4
SYYN,1
TYMARIKA,2
KIRJAVAINEN,2
RYHTYY,1
KAUPPAKAMARIN,3
TOIMITUSJOHTAJAKSI,4
HUHTIKUUSSA.KOTKA22.1.KOTKAN,1
EHDOKKUUTENSA,1
EDUSKUNTAVAALEISSAKOKOOMUSLAINEN,1
TOIMITUSJOHTAJAKSI.EDUSKUNTAVAALIT22.1.ENTINEN,1
NARKOMAANI,1
KOKEILEMAAN,2
"RUISKETTA,",1
KORVAA,5
HUUMERIIPPUVAISTEN,1
HOIDOSSA,2
OHUT,1
NEULAUUDELLA,1
ANNOSTELTAVAN,1
KORVAUSHOITOLKKEEN,1
HELPOTTAVAN,1
OPIOIDIRIIPPUVAISTEN,1
ARKEA.KORVAUSHOITOLKKEET21.1.MINISTERI,1
LKRIKOPTERISTA,1
ULOTTUMATTOMIINPERHE,1
PERUSPALVELUMINISTERI,1
ANNIKKA,5
NOPEASSA,1
PARANEE,1
KOKONAISUUDESSAAN.LKRIHELIKOPTERIT21.1.SANOMALEHDET,1
JULKAISIVAT,1
KOHUTUN,2
FINGERPORISARJAKUVAN,2
ANTEEKSIKAAKON,1
AIEMMIN,1
SYKSYLL,2
AIHEUTTANUT,6
LEHTEEN.SARJAKUVAT21.1.LHES,1
PUKIMO,1
HIRVEN,1
HOITAMAANVAATELIIKE,1
YRITYSSANEERAUKSEEN,1
SITTEN.,4
KONKURSSI21.1.KYMMENILT,1
PAIKKAKUNNILTA,1
LIIKKUVA,1
NUORISOTILA,1
OLTAVA,1
VALMIITA,1
KESKUSTELEMAAN,1
KANSSANUORILLA,1
LUOTETTAVIEN,1
"KANSSA,",1
USKOVAT,1
AIKUISETNUORISOTY18.1.KATARIINAN,1
UIMARIA,1
TOISEN,3
SULKEMISTA.UIMAHALLIT18.1.SUOMALAINEN,1
SVELLYSKILPAILU,2
HUIKEAN,2
SUOSION,1
37,1
MAASTANELJNTEEN,1
KLAMI,1
MRAIKAAN,1
KULTTUURI18.1.PIENTEN,1
KOULULAISTEN,1
ILTAPIVKERHOT,1
LOPPUISIVAT,1
SSTEHDOTUKSET,1
VHENNETN.,1
OPETUSRYHMIEN,1
KASVUUN.KOULULAISET17.1.MENEVTK,1
KOPTERIKANTELUT,1
HUKKAAN?,1
OIKEUSASIAMIES,1
KUMOTA,1
MINISTERITYRYHMN,1
LINJAUKSEEN,1
KOUVOLAAN.PELASTUSHELIKOPTERIT17.1.KOTKAN,1
"KIINNI,",1
KULTTUURIJOHTAJAA,1
PALKATAKAAN,1
LOMAUTETAANKOTKAN,1
"6,3",1
SSTJ.KOTKA17.1.RAKENNUKSIA,1
MENEE,3
KIIHTYVLL,1
VAUHDILLA,1
PURKUALAA,1
UHKAA,1
TYVOIMAPULA1970LUVUN,1
TALOJEN,1
TEKNIIKKA,1
"VANHENEE,",1
RAKENNUSTEN,2
PURKU,1
VAIHTOEHTORAKENTAMINEN,1
KIINTEISTT17.1.KOUVOLA,1
KIELTVNS,1
KIRJASTOJEN,1
NUORILTA,4
EIMYLLYKOSKEN,1
INKEROISTEN,1
KIRJASTOISSA,1
HIRINTN,1
RATKAISUJA.KIRJASTOT16.1.NYT,1
LISPUUTISETKUINKA,1
HOIVAPALVELUIDEN,2
MAKSUILLA,4
TILKIT,1
LISTALAKI,1
KOROTUSVARAA.SOSIAALI,1
TERVEYSPALVELUT1422HALLAAHO,1
HALLITUSVASTUUSEEN,1
PERUSSUOMALAISET,1
HALLITUKSESSAOMASTA,1
JATKOSTAAN,2
HALLAAHO,1
JATKAMAAN,1
PUOLUEEN,1
VAATII.JUSSI,1
HALLAAHO1353NUORISOASIANTUNTIJA,1
PUOLUEITA,1
TORIKAHVIT,1
PELISS,1
DEMOKRATIAN,1
VAALEISSA,1
PASSIIVISUUDEN,1
KIERRE,1
KATKAISTAAN?NESTMINEN1149,1
SANOMATKOUVOLAN,1
ELMNKAARI,2
NAPAKAT,4
SISNPUHEENAIHESIRKKARUOKABISNES,1
KAATUI,3
INKEROISISSA,3
RUOTSINPYHTLLOTSIKOISSAVIINI,1
PATOKLUBILLA,1
VIIKONLOPPUNA,1
VIINIMESSUT,2
MYYTIIN,2
KOOKOO,9
PYLLISTNYT,2
"KANNATTAJILLEEN,",2
KRKIPELAAJANSA,2
VLIMAAN,3
SIIRTOIKKUNAN,3
SULKEUTUMISTA,2
OSTOHOUSUT,2
RATKAISULLAAN,1
KIILLOTTAA,1
"IMAGOAAN,",1
PSYLIPPU,1
OTTELUTULOIHIN.,1
JOUKKUEESSA,2
HETKELL,1
11,1
HYKKJ.,1
SAMU,1
PERHOSEN,1
LOUKKAANTUMINEN,1
MAALIVAHTITILANTEESTA,1
ENTIST,1
VAIKEAMMAN.TIMO,1
RANTAAIHEET,1
JKIEKKO,1
LIIGA,1
MALTE,2
STRMWALLLIS,7
SAKARI,1
PELAAJIEN,1
TEKISI,1
TALOUDELLE,1
KRKIKASTISTA,1
TIENASI,1
200000300000,1
POTIN8.2.2019,1
603,1
KOOKOOHYKKJT,1
"KARLSSON,",4
SIIRTOHUHUJEN,4
KUUMAT,4
EXPRESSEN,4
SHLSEUROJA,4
PELAAJAT13.2.2019,1
1750,1
HEISKANEN,2
KIEHUI,2
UMPISURKEAN,2
2221,1
AVAINJUTTULHELL1202RAHOJEN,1
"TOIVOA,",2
NETTIHUIJARIT,2
ISKIVT,2
PESULAYRITTJN,2
KIMPPUUNJA,2
UHRI,2
VAROITUKSEKSI,2
MINUA,3
HUIJATA000,2
LHELL705ALLE,1
TUNNIN,2
JUNAYHTEYS,2
PYKLN,2
LHEMPN,2
BERNER,3
TIISTAINA,2
RAHOITTAMISTAVOISTA000,2
VIIHDE630UUTISEN,1
PIKKUHILUILLA,2
VHISEN,2
VUOTAVAN,2
HOITAMISEEN000,2
MANKKI,4
AMPUNUT,4
19VUOTIAANA,4
METSSTJURANSA,4
ERNUORI,4
HIRVINAINEN,4
2AVAINJUTTUKOOKOOHYKKJT,3
3AVAINJUTTUPAKKASESSA,3
"PIKKUHEPENISS,",3
VLIKALJAT,3
"LASIHELMESS,",3
ANDY,3
MCCOY,3
HUKKASI,3
KITARANSA,4
VALKEALALAISABIT,3
MUISTELEVAT,3
HYMYSS,3
OMIA,4
KUULUU,3
NYT4.,3
TOIMISTO,3
TUNNIKSI,3
UHKAUKSEN,6
EPILLYN,3
YKSITYISASUNNOSTA,3
5TAAS,3
RYTISI,3
VALTATIELT,3
ROMUTTUI,3
KORJAUSKELVOTTOMAKSINYT,3
MISETMENETELM,2
PARANTAISI,2
TEOLLISUUDEN,2
PUUNSAANTIA000,2
AVAINJUTTUTALOUSEUROOPAN,2
SUURIMMAKSI,2
AIOTTU,2
SIRKKATEHDAS,2
TUOTANNON,2
POHJOLAN,2
HYNTEISTALOUDEN,2
VEKKELILL,2
BISNESSUUNNITELMIA000,2
LHELL1147LUMI,2
NAVETASTA,2
PIIPUN,2
MANNARINTIELL,2
NOSTOLAVAAUTOLLA,2
LHELL607KUUSANKOSKELAINEN,3
KUSTAANKOTI,2
ERITYISTARKKAILUUN,2
YLLTYSTARKASTUKSESSA,2
KERTAA000,1
KASARMIRAVINTOLA,3
KOUVOLAKASARMINMEN,1
KAUNEUS,1
IKKUNOISTASISLL,1
PSEE,2
NAUTTIMAAN,1
RUOKAA,2
YMPRISTSS000KOUVOLAN,1
"LOUNASPAIKKA,",1
VAPPUNA,1
BRUNSSIA.,1
VIERASKIRJASSA.,1
NAPAKAT400NAPAKAT,1
JOIDEN,2
VALVOA,2
BUDJETISSA,2
PYSYMIST.,2
TUTKINNAN,2
LPI,2
AVAINJUTTULHELLKUNNALLISVEROON,5
"KOROTUS,",4
"VHEMMN,",4
KULTTUURIPALVELUT,4
"MINIMIIN,",4
SAIRAUSLOMALAISELLE,4
SSTVAIHTOEHDOISTA000,4
URHEILU2232RALLIKANSA,1
VIIHTYI,1
KAVIOURAN,1
KATVEESSA,1
AVAUS,1
TARJOSI,1
"JONGLRAUSTA,",1
ILOTULITUSTA,1
METSTAIPALEILLE000,1
TAKIA000,1
URHEILU2121KOOKOO,1
KUPSAHTI,1
PELICANS,1
MURJOI,1
MASENTUNUTTA,1
"KOUVOLALAISJOUKKUETTA,",1
EDESSN,1
RIKKAIDEN,1
ETUOIKEUS000,1
VAALIT2018KOUVOLAN,1
JUHA,1
HUHTALA,1
EUROVAALIEHDOKKAAKSI000,1
HALLI,1
LIIKUNTARAJOITTEISILLE000,1
SANOMATRTTELST,1
KUORIUTUI,1
HELMI000UUTISTOIMITTAJAN,1
LUKIJOITA.,2
JUTTUAIHEET,1
BONGAUKSIA,1
"TURUILTA,",1
VINKIT,1
KUUSANKOSKELTA,1
LEHDEN,1
HYVIKIN,1
VANHUSTENHOIDOSTA,1
VALTAKUNNALLISEN,1
PALKINNON,1
PITKAIKAISESTA,1
TYSTN000,1
SOTEORAVANPYR,1
URHEILU1712KOUVOLALAISET,1
TAHTIA,1
KOUVOLALAISKOSKETUS,1
OLYMPIAFESTIVAALEISSA000,1
LIUKUIVAT,1
SUJUVASTI,1
KUVAKOOSTE,1
LHELL1522KOUVOLASSA,1
ONNETTOMUUSHARJOITUS,1
KAUPUNKILAISIA,1
KEHOTETAAN,1
KAASUVAARALTA,1
SUOJAUTUMISTA000,1
6OLETKO,2
NHNYT?,2
JASMIN,2
SOTEPALVELUJEN,6
OSTOT,3
MIINUKSELLA,3
POLIITIKOT,3
SSTJ8.,2
TULLAAN,2
PENKKARIHUMU,2
YDINKESKUSTAN,2
"ELMNILOLLA,",2
KULKUEESTA9.,2
9ASUNTOLAINAN,2
KORKOVHENNYS,2
RIKKAILLA,2
PELK,2
VERONMAKSAJAIN,2
KESKUSLIITTO10.,2
CARE,1
VANHUKSILLE,1
VIRIKKEIT,1
ARVONNOILLA,1
TAKSIALAN,1
HALTUUNSAJANNE,1
RNKK,1
IITTI,1
SATSAA,1
KUULIVAT?SATUMIIA,1
MASALINLUE,1
1119AVAINJUTTUUUTISEN,2
705ALLE,1
KOUVOLASSAKOMMENTOIDUT,1
RATAMOKESKUKSEN,1
PAALUTUS,1
PERUSTUSTEN,1
AIKAISINTAAN,1
KARHISEN,1
BISNESMALLIT,1
MAATALOUTEENKIN,1
JUNARATA,1
LENTOKENTLLE,1
38,1
HYTY,1
PERUSSOPIMUKSEN,1
HORJUTTAISI,1
LUOTTAMUSTA,1
PERITN,1
LKRIN,1
SOITOSTA,1
POTILAALLE,1
KYMSOTE,1
ASIAKASMAKSUT,1
JSENKUNNISSAAN,1
TURVALLISUUS,1
HYVINVOIVAN,1
ELINEHTO,1
"VUONNA,",1
TAUSTALLA,1
EPONNISTUTTU,1
TOTEUTUKSESSA,1
PIENELKELINEN,1
"RATOJA,",1
TEATTERIAKOUVOLAN,1
OYLEHTIKAARI,1
KOUVOLAPUH.,1
"KARJALAINENSISLTJOHTAJA,",1
